name,road,district,province
Phrakhanong Fire & Rescue Station,Sukhumvit Rd,Watthana,Bangkok
Bang Kapi Fire Station,Praditmanutham Rd,Huai Khwang,Bangkok
Bon Kai Fire & Rescue Station,Rama 4 Rd,Pathum Wan,Bangkok
Thungmahamek Fire & Rescue Station,Yen Akat Rd,Yan Nawa,Bangkok
Khlong Toei Fire Station,"Soi 22, Sukhumvit Rd",Khlong Toei,Bangkok
Bang Khunnon Fire Station,Bang Khun Non Rd,Bangkok Noi,Bangkok
Pakkhlongsan Fire & Rescue Station,Charoennakhon Rd,Khlong San,Bangkok
Bang Khae Fire & Rescue Station,Petchkasem Rd,Bang Khae,Bangkok
Latyao Fire Station,Wiphawadi-Rangsit Rd,Chatuchak,Bangkok
Bawornmongkol fire Station,"Soi 44, Charansanitwong Rd",Bang Phlat,Bangkok
Phaya Thai Fire Station,Rama 6 Rd,Ratchathewi,Bangkok
Suan Mali Fire & Rescue Station,Yukhon 2 Rd,Pom Prap Sattru Phai,Bangkok
Bangchan Fire Station,Serithai Rd,Min Buri,Bangkok
Bang Pho Fire & Rescue Station,Pracharat Sai 1 Rd,Bang Sue,Bangkok
Huai Khwang Fire & Rescue Station,Prachasongkhro Rd,Din Daeng,Bangkok
Dusit Fire & Rescue Station,,Dusit,Bangkok
Sutthisan Fire & Rescue Station,Wiphawadi-Rangsit Rd,Din Daeng,Bangkok
Lat Phrao Fire Station,"Soi 31, Lat Phrao Rd",Chatuchak,Bangkok
Chan Road Fire & Rescue Station,Chan Rd,Yan Nawa,Bangkok
Bang Son Fire & Rescue Station,Bangkok-Nonthaburi Rd,Bang Sue,Bangkok
Bang Rak Fire Station,"Soi 37, Charoen Krung Rd",Bang Rak,Bangkok
Thonburi Fire & Rescue Station,Thoetthai Rd,Thon Buri,Bangkok
Golden Mount Fire & Rescue Station,Boriphat Rd,Pom Prap Sattru Phai,Bangkok
Lad Krabang Fire Station,Luang Phaeng Rd,Lat Krabang,Bangkok
Dao Khanong Fire Station,Chomthong Rd,Chom Thong,Bangkok
Thung Khru Fire & Rescue Station,"Soi 86, Prachautit Rd",Thung Khru,Bangkok
Bang Khun Thian Fire Station,Rama 2 Rd,Bang Khun Thian,Bangkok
Yan Nawa Fire & Rescue Station,Charoen Krung Rd,Sathon,Bangkok
Bang Pu Fire Station,Sukhumvit Rd,Mueang Samut Prakan,Samut Prakan
Samutprakan Fire Station,,Mueang Samut Prakan,Samut Prakan
Bang Khen Fire Station,Phahonyothin Rd,Bang Khen,Bangkok
Samsen fire Station,Khao Rd,Dusit,Bangkok
Banthat Thong Fire & Rescue Station,"Soi Chula 7, Rama 4 Rd",Pathum Wan,Bangkok
Bangorr Fire & Rescue Station,Charansanitwong Rd,Bang Phlat,Bangkok
Taladphlu Fire & Rescue Station,"Soi 16, Thoetthai Rd",Thon Buri,Bangkok
Talingchan Fire Station,,,Nakhon Pathom
Hua Mak Fire & Rescue Station,Ramkhamhaeng Rd,Bang Kapi,Bangkok
Khlong Dan Fire Station,Sukhumvit Rd,Bang Bo,Samut Prakan
Thesaban Phra Samut Chedi Fire Station,,Phra Samut Chedi,Samut Prakan
Samrong Nua Fire Station,,Mueang Samut Prakan,Samut Prakan
Muang Phra Pradaeng Fire Station,,Phra Pradaeng,Samut Prakan
Khu Khot Fire Station,,Lam Luk Ka,Pathum Thani
Thonglor Police Station,"Soi 55, Sukhumvit Rd",Watthana,Bangkok
Huai Khwang Police Station,Ratchadapisek Rd,Din Daeng,Bangkok
Royal Thai Police Headquarters,Rama 1 Rd,Pathum Wan,Bangkok
Lumpini Police Station,Wireless (Wittayu) Rd,Pathum Wan,Bangkok
Bangna Police Station,"Soi 60, Srinakarin Rd",Prawet,Bangkok
Phrakhanong Police Station,Sukhumvit Rd,Watthana,Bangkok
Phayathai Police Station,Sri Ayutthaya Rd,Ratchathewi,Bangkok
Bangkhuntian Police Station,"Soi 36, Ekachai Rd",Chom Thong,Bangkok
phahonyothin Police Station,Ratchadapisek Rd,Chatuchak,Bangkok
Bang Rak Police Station,Naret Rd,Bang Rak,Bangkok
Provincial Police Region 1,Wiphawadi-Rangsit Rd,Chatuchak,Bangkok
Traffic Police Division,Wiphawadi-Rangsit Rd,Chatuchak,Bangkok
Pathumwan Police Station,,Pathum Wan,Bangkok
Tourist Police - Suvarnabhumi Airport,,Bang Phli,Samut Prakan
Ladkrabang Police Station,Lad Krabang Rd,Lat Krabang,Bangkok
Sutthisan Police Station,Ratchadapisek Rd,Din Daeng,Bangkok
Yan Nawa Police Station,Surasak Rd,Bang Rak,Bangkok
Prachachuen Police Station,Thetsaban Nimit Nua Rd,Chatuchak,Bangkok
Huamark Police Station,Ramkhamhaeng Rd,Bang Kapi,Bangkok
Phra Ratchawang Police Station,Maharat Rd,Phra Nakhon,Bangkok
Thungmahamek Police Station,Suan Phlu Rd,Sathon,Bangkok
Latphrao Police Station,Nawamin Rd,Bang Kapi,Bangkok
Pak Khlongsan Police Station,Lardya Rd,Khlong San,Bangkok
Khlong Ton Police Station,Kamphaeng Phet 7 Rd,Suan Luang,Bangkok
Wang Tong Lang Police Station,"Soi 21 Yeak 3, Ramkhamhaeng Rd",Wang Thonglang,Bangkok
Department of Highways,Sri Ayutthaya Rd,Ratchathewi,Bangkok
Phetchakasem Police Station,"Soi 63, Petchkasem Rd",Bang Khae,Bangkok
Bukkalo Police Station,Charoennakhon Rd,Thon Buri,Bangkok
Crime Suppression Division Thai Police,Phahonyothin Rd,Chatuchak,Bangkok
Buppharam Police Station,,Thon Buri,Bangkok
Natural Resources & Environmental Crime Suppression Division,Phahonyothin Rd,Chatuchak,Bangkok
Samrae Police Station,Charoennakhon Rd,Thon Buri,Bangkok
Bangchan Police Station,Serithai Rd,Khan Na Yao,Bangkok
Don Muang Police Station,Decha Tungkha Rd,Don Mueang,Bangkok
Kannayao Police Station,Khu Bon Rd,Khan Na Yao,Bangkok
Police Education Bureau,Wiphawadi-Rangsit Rd,Chatuchak,Bangkok
Rom Klao Police Station,Kheha Romklao Rd,Lat Krabang,Bangkok
Minburi Police Station,Sriburanukit Rd,Min Buri,Bangkok
Ding Daeng Police Station,Mit Mitri Rd,Din Daeng,Bangkok
Phasicharoen Police Station,"Soi 54, Petchkasem Rd",Phasi Charoen,Bangkok
Bangkok Yai Police Station,New Arun Amarin Rd,Bangkok Yai,Bangkok
Chorakhe Noi Police Station,Luang Phaeng Rd,Lat Krabang,Bangkok
Lamhin Police Station,Khu Khlong Sip Rd,Nong Chok,Bangkok
Bang Pho Police Station,Pracharat Sai 1 Rd,Bang Sue,Bangkok
Nong Khang Phlu Police Station,,Nong Khaem,Bangkok
Talingchan Police Station,Borom Rachachonnanee Rd,Taling Chan,Bangkok
Chanasongkram Police Station,Chakkraphong Rd,Phra Nakhon,Bangkok
Laksong Police Station,"Soi 98, Petchkasem Rd",Bang Khae,Bangkok
Nongchok Police Station,Sakun Di Rd,Nong Chok,Bangkok
Bangmod Police Station,"Soi 40, Rama 2 Rd",Chom Thong,Bangkok
Patrol Division,Kamphaeng Phet 6 Rd,Chatuchak,Bangkok
Udomsuk Police Station,,Prawet,Bangkok
Saimai Police Station,"Soi 6, Saimai Rd",Sai Mai,Bangkok
Sala Daeng Police Station,Liapkhlong Thawiwatthana Rd,Bang Khae,Bangkok
Tha Phra Police Station,Charansanitwong Rd,Bangkok Yai,Bangkok
Tha Ruea Police Station,Atnarong Rd,Khlong Toei,Bangkok
Viphavadi Police Station,Wiphawadi-Rangsit Rd,Chatuchak,Bangkok
Thanyaburi Police Station,Rangsit-Nakorn Nayo Rd,Thanyaburi,Pathum Thani
Tourist Police - Wat Arun,Arun Amarin Rd,Bangkok Yai,Bangkok
Samsen Police Station,Samsen Rd,Dusit,Bangkok
Somdejchaopraya Police Station,Lardya Rd,Khlong San,Bangkok
Makkasan Police Station,Kamphaeng Phet 7 Rd,Huai Khwang,Bangkok
Bang Phlat Police Station,Charansanitwong Rd,Bang Phlat,Bangkok
Bowon Mongkol Police Station,Charansanitwong Rd,Bang Phlat,Bangkok
Thakham Police Station,Tha Kham Rd,Bang Khun Thian,Bangkok
Kokram Police Station,Nuan Chan Rd,Bueng Kum,Bangkok
Rat Burana Police Station,"Soi 17, Rat Burana Rd",Rat Burana,Bangkok
Anti Human Trafficking Division,Phahonyothin Rd,Chatuchak,Bangkok
Plabplachai 1 Police Station,Phlapphlachai Rd,Pom Prap Sattru Phai,Bangkok
Bang Yi Khan Police Station,Phra Pinklao Rd,Bang Phlat,Bangkok
Bangsue Police Station,Phahonyothin Rd,Phaya Thai,Bangkok
Samaedam Police Station,Rama 2 Rd,Bang Bon,Bangkok
Investigation Center Provincial Police Region 1,Wiphawadi-Rangsit Rd,Chatuchak,Bangkok
Thung Khru Police Station,"Soi 93, Prachautit Rd",Thung Khru,Bangkok
Suwinthawong Police,Suwintawong Rd,Nong Chok,Bangkok
Watprayakrai Police Station,Charoen Krung Rd,Bang Kho Laem,Bangkok
Bangbon Police Station,Ekachai Rd,Bang Bon,Bangkok
Bangpongpang Police Station,Suan Phlu Rd,Sathon,Bangkok
Thammasala Police Station,,Thawi Watthana,Bangkok
Lampakchee Police Station,Suwintawong Rd,Nong Chok,Bangkok
Bangkok Noi Police Station,"Soi 30/1, Charansanitwong Rd",Bangkok Noi,Bangkok
Bangsaothong Police Station,Soi 13,Phasi Charoen,Bangkok
Bangkhen Police Station,,Bang Khen,Bangkok
Nangleong Police Station,Ka Om Rd,Pom Prap Sattru Phai,Bangkok
Dusit Police Station,Rama 5 Rd,Dusit,Bangkok
Taopoon Police Station,Bangkok-Nonthaburi Rd,Bang Sue,Bangkok
Bang Kholaem Police Station,"Soi 17, Rat Burana Rd",Rat Burana,Bangkok
Samranrat Police Station,Bamrung Muang Rd,Phra Nakhon,Bangkok
Plabplachai 2 Police Station,Phlapphlachai Rd,Pom Prap Sattru Phai,Bangkok
Prawate Police Station,Chaloem Phrakiat Rama 9 Rd,Prawet,Bangkok
Bang Yi Ruea Police Station,Thoetthai Rd,Thon Buri,Bangkok
Nimit Mai Police Station,Maitrichit Rd,Khlong Sam Wa,Bangkok
Thungsonghong Police Station,Kamphaeng Phet 6 Rd,Lak Si,Bangkok
Talad Phlu Police Station,Wuthakat Rd,Thon Buri,Bangkok
Chakkrawat Police Station,Chakkrawat Rd,Samphanthawong,Bangkok
Consumer Protection Police Division,Phahonyothin Rd,Chatuchak,Bangkok
Chalong Krung Police Station,Liap Khlong Lam Ko Phai Rd,Lat Krabang,Bangkok
Phachasumran Police Station,Phacha Samrn Rd,Nong Chok,Bangkok
Bungkum Police Station,Serithai Rd,Bueng Kum,Bangkok
Bangkhunnon Police Station,Bang Khun Non Rd,Bangkok Noi,Bangkok
Nongkhaem Police Station,,Nong Khaem,Bangkok
Expressway Police Station 2,,Huai Khwang,Bangkok
Chokchai Police Station,Lat Phrao Rd,Wang Thonglang,Bangkok
Tiantalay Police Station,,Bang Khun Thian,Bangkok
The Government Lottery Office,Nonthaburi 1 Rd,Mueang Nonthaburi,Nonthaburi
Vadhana District Office,"Soi 55, Sukhumvit Rd",Watthana,Bangkok
Passport Office - Central Bangna,Bang Na Trad Rd,Bang Na,Bangkok
The Revenue Department,"Soi 7, Phahonyothin Rd",Phaya Thai,Bangkok
Khlongtoei District Office,Kluai Nam Thai Tat Mai Rd,Khlong Toei,Bangkok
Chatuchak District Office,"Soi 34, Wiphawadi-Rangsit Rd",Chatuchak,Bangkok
Ratchathewi District Office,Phayatai Rd,Ratchathewi,Bangkok
Bangna District Office,Bang Na Trad Rd,Bang Na,Bangkok
Huai Khwang District Office,Prachautit Rd,Huai Khwang,Bangkok
Bangrak District Office,Naret Rd,Bang Rak,Bangkok
Phra Khanong District Office,Sukhumvit Rd,Phra Khanong,Bangkok
Pathumwan District Office,"Soi Chula 5, Rama 4 Rd",Pathum Wan,Bangkok
Bangsue District Office,Rim Khlong Prapa Rd,Bang Sue,Bangkok
The Bangkok North Municipal Court,Ratchadapisek Rd,Chatuchak,Bangkok
Sathorn District Office,"Soi 18/7, Chan Rd",Sathon,Bangkok
Thanyaburi Provincial Court,Rangsit-Nakorn Nayo Rd,Thanyaburi,Pathum Thani
Fire And Rescue Department,Sri Ayutthaya Rd,Ratchathewi,Bangkok
Bangkok Metropolitan Land Office Huai Khwang Branch,"Soi 18, Ratchadapisek Rd",Huai Khwang,Bangkok
Department of Livestock Development,Phayatai Rd,Ratchathewi,Bangkok
Bang Khen District Office,Phahonyothin Rd,Bang Khen,Bangkok
Ministry of Labor,Mit Mitri Rd,Din Daeng,Bangkok
Bangkapi District Office,Lat Phrao Rd,Bang Kapi,Bangkok
National Bureau of Agricultural Commodity & Food Standards,Phahonyothin Rd,Chatuchak,Bangkok
Royal Thai Armed Forces Headquarters,Chaengwattana Rd,Lak Si,Bangkok
Yan Nawa District Office,"Soi 28, Naratiwas Ratchanakarin Rd",Yan Nawa,Bangkok
Phaya Thai District Office,"Soi Aree 2, Soi 7, Phayatai Rd",Phaya Thai,Bangkok
Ding Daeng District Office,Mit Mitri Rd,Din Daeng,Bangkok
Supreme Court of Thailand,Ratchadamnoen Nai Rd,Phra Nakhon,Bangkok
Bangphlat District Office,Charansanitwong Rd,Bang Phlat,Bangkok
Suan Luang District Office,Pattanakarn Rd,Suan Luang,Bangkok
Prawet District Office,"Soi 81, Chaloem Phrakiat Rama 9 Rd",Prawet,Bangkok
Royal Forest Department,Phahonyothin Rd,Chatuchak,Bangkok
The Customs Department,Sunthorn Kosa Rd,Khlong Toei,Bangkok
Dusit District Office,Sukhothai Rd,Dusit,Bangkok
Lat Phrao District Office,Nak Niwat Rd,Lat Phrao,Bangkok
National Research Council of Thailand,Phahonyothin Rd,Chatuchak,Bangkok
Labour Control Department Of Employment - Suvarnabhumi Airport,,Bang Phli,Samut Prakan
Marine Department,Yothi Rd,Samphanthawong,Bangkok
Bangkhuntien District Office,Rama 2 Rd,Bang Khun Thian,Bangkok
Phra Nakhon District Office,"Soi 3, Samsen Rd",Phra Nakhon,Bangkok
Office of the National Anti-Corruption Commission,Nonthaburi 1 Rd,Mueang Nonthaburi,Nonthaburi
Cooperative Auditing Department,Krung Kasem Rd,Phra Nakhon,Bangkok
Laksi District Office,"Soi 10, Chaengwattana Rd",Lak Si,Bangkok
Pom Prap Satrru Phai District Office,Suphanmit Rd,Pom Prap Sattru Phai,Bangkok
Donmuang District Office,Chang Akat Uthit Rd,Don Mueang,Bangkok
Ladkrabang District Office,"Soi 15, Lad Krabang Rd",Lat Krabang,Bangkok
Thonburi District Office,Thoetthai Rd,Thon Buri,Bangkok
Samphanthawong District Office,Yota Rd,Samphanthawong,Bangkok
Bang Khae District Office,Kanjanaphisek Rd,Bang Khae,Bangkok
The Administrative Court,Chaengwattana Rd,Lak Si,Bangkok
Office of Insurance Commission,Ratchadapisek Rd,Chatuchak,Bangkok
Treasury Department,"Soi Areesampan, Rama 6 Rd",Phaya Thai,Bangkok
Bangkok City Hall,Dinso Rd,Phra Nakhon,Bangkok
Ministry of Commerce,Nonthaburi 1 Rd,Mueang Nonthaburi,Nonthaburi
The Criminal Court,Ratchadapisek Rd,Chatuchak,Bangkok
Bang Bon District Office,"Soi 135/1, Ekachai Rd",Bang Bon,Bangkok
Bangkholaem District Office,"Soi 7, Rama 3 Rd",Bang Kho Laem,Bangkok
Department of Agricultural Extension,Phahonyothin Rd,Chatuchak,Bangkok
Saphansoong District Office,"Soi 118, Ramkhamhaeng Rd",Saphan Sung,Bangkok
Bueng Kum District Office,Serithai Rd,Bueng Kum,Bangkok
Bangkok Noi District Office,"Soi 32, Charansanitwong Rd",Bangkok Noi,Bangkok
Judicial Training Institute,Ratchadapisek Rd,Chatuchak,Bangkok
Office of Atoms For Peace,Wiphawadi-Rangsit Rd,Chatuchak,Bangkok
Fine Arts Department,Na Phrathat Rd,Phra Nakhon,Bangkok
Department of Groundwater Resources,"Soi 54, Ngamwongwan Rd",Chatuchak,Bangkok
Land Development Department,Phahonyothin Rd,Chatuchak,Bangkok
Civil Court of Thailand,Ratchadapisek Rd,Chatuchak,Bangkok
Department of Cultural Promotion,Watthanatham Rd,Huai Khwang,Bangkok
Department of International Trade Promotion,Ratchadapisek Rd,Chatuchak,Bangkok
Ministry of Finance,Rama 6 Rd,Phaya Thai,Bangkok
Saimai District Office,Sukhaphiban 5 Rd,Sai Mai,Bangkok
Minburi District Office,Sriburanukit Rd,Min Buri,Bangkok
Office of Agricultural Regulation,Ngamwongwan Rd,Chatuchak,Bangkok
Cooperative Promotion Department,Krung Kasem Rd,Phra Nakhon,Bangkok
Department of Consular Affairs,Chaengwattana Rd,Lak Si,Bangkok
Office of the Auditor General,"Soi Areesampan, Rama 6 Rd",Phaya Thai,Bangkok
United Nations Thailand,Ratchadamnoen Nok Rd,Phra Nakhon,Bangkok
Wang Thonglang District Office,"Soi 85-87, Lat Phrao Rd",Wang Thonglang,Bangkok
Bangkok Yai District Office,Ratchadapisek Rd,Bangkok Yai,Bangkok
Thawi Watthana District Office,Soi 5,Thawi Watthana,Bangkok
Khlong San District Office,Lardya Rd,Khlong San,Bangkok
Bangkok City Hall 2,Mit Mitri Rd,Din Daeng,Bangkok
Ministry of Transport,Ratchadamnoen Nok Rd,Pom Prap Sattru Phai,Bangkok
Rice Department,Phahonyothin Rd,Chatuchak,Bangkok
Ministry of Tourism and Sports,Ratchadamnoen Nok Rd,Pom Prap Sattru Phai,Bangkok
Thanyaburi District Office,Rangsit-Nakorn Nayo Rd,Thanyaburi,Pathum Thani
The Court of Appeal,Ratchadapisek Rd,Chatuchak,Bangkok
Ministry of Education,Ratchadamnoen Nok Rd,Dusit,Bangkok
Ministry of Culture,Borom Rachachonnanee Rd,Bang Phlat,Bangkok
Department of Special Investigation,Chaengwattana Rd,Lak Si,Bangkok
Ministry of Interior,Atsadang Rd,Phra Nakhon,Bangkok
Office of Agricultural Economics,Ngamwongwan Rd,Chatuchak,Bangkok
Ministry of Agriculture and Cooperatives,Ratchadamnoen Nok Rd,Phra Nakhon,Bangkok
Ministry of Foreign Affairs,Sri Ayutthaya Rd,Ratchathewi,Bangkok
Office of the Prime Minister,Luk Luang Rd,Dusit,Bangkok
Government House of Thailand,Phitsanulok Rd,Dusit,Bangkok
Unesco,Sukhumvit Rd,Khlong Toei,Bangkok
Royal Thai Air Force,Phahonyothin Rd,Don Mueang,Bangkok
Royal Thai Army,Ratchadamnoen Nok Rd,Phra Nakhon,Bangkok
National Assembly of Thailand,Uthong Nai Rd,Dusit,Bangkok
Chom Thong District Office,"Soi 3, Rama 2 Rd",Chom Thong,Bangkok
Khannayao District Office,"Soi 11/5, Kanjanaphisek Rd",Khan Na Yao,Bangkok
Ministry of Public Health,Tiwanon Rd,Mueang Nonthaburi,Nonthaburi
Ministry of Information and Communication Technology,Chaengwattana Rd,Lak Si,Bangkok
Rat Burana District Office,Rat Burana Rd,Rat Burana,Bangkok
Ministry of Science and Technology,Rama 6 Rd,Ratchathewi,Bangkok
Ministry of Justice,Chaengwattana Rd,Lak Si,Bangkok
Ministry of Energy,"Soi 11, Wiphawadi-Rangsit Rd",Chatuchak,Bangkok
Royal Thai Mint,Phahonyothin Rd,Khlong Luang,Pathum Thani
Defence Energy Department,Petchaburi Rd,Ratchathewi,Bangkok
Bureau of Logistics,Phahonyothin Rd,Chatuchak,Bangkok
Royal Thai Army Chemical Department,Phahonyothin Rd,Chatuchak,Bangkok
The Government Public Relations Department,Rama 6 Rd,Phaya Thai,Bangkok
Nong Chok District Office,Chueam Samphan Rd,Nong Chok,Bangkok
Phasi Charoen District Office,"Soi 54, Petchkasem Rd",Phasi Charoen,Bangkok
Survey and Mapping Building,Bond Street,Pak Kret,Nonthaburi
Nonthaburi Land Office,Bond Street,Pak Kret,Nonthaburi
Bank of Thailand,Samsen Rd,Phra Nakhon,Bangkok
Ministry of Industry,Rama 6 Rd,Ratchathewi,Bangkok
Center For Agricultural Information,Ngamwongwan Rd,Chatuchak,Bangkok
Ministry of Defence Deputy Office,Popular Rd,Pak Kret,Nonthaburi
Nongkhame District Office,Petchkasem Rd,Nong Khaem,Bangkok
Thungkhru District Office,"Soi 86, Prachautit Rd",Thung Khru,Bangkok
National Institute of Metrology,,Khlong Luang,Pathum Thani
Technical Promotion and Support Office 2,"Soi Yothin Phatthana, Praditmanutham Rd",Lat Phrao,Bangkok
Taling Chan District Office,,Taling Chan,Bangkok
Khlongsanwa District Office,Liap Khlong Song Rd,Khlong Sam Wa,Bangkok
The Support Arts and Crafts International Center of Thailand - Amarin Plaza,Phloen Chit Rd,Pathum Wan,Bangkok
Ministry of Social Development and Human Security,Krung Kasem Rd,Pom Prap Sattru Phai,Bangkok
Capital Hall of Nonthaburee,,,Nonthaburi
Royal Thai Navy,Arun Amarin Rd,Bangkok Yai,Bangkok
Royal Palace Guard Calvary Division 2nd,"Soi 2, Phahonyothin Rd",Phaya Thai,Bangkok
The Office of Tourism Development,Rama 1 Rd,Pathum Wan,Bangkok
Unicef,Phra Athit Rd,Phra Nakhon,Bangkok
Post Engineering Department,Prasert-Manukitch Rd,Chatuchak,Bangkok
Ministry of Defence,Sanamchai Rd,Phra Nakhon,Bangkok
The Institute of Administration Development,Rangsit-Nakorn Nayo Rd,Thanyaburi,Pathum Thani
Ministry of Natural Resources and Environment,"Soi 7, Phahonyothin Rd",Phaya Thai,Bangkok
Office of The Attorney General,Ratchadapisek Rd,Chatuchak,Bangkok
Ministry of Energy (Old Site),Rama 1 Rd,Pathum Wan,Bangkok
