,date,pm25_avg,pm25_max,pm25_min,pm10_avg,dust_avg
580,2022-08-04,12.876470588235295,18.7,7.9,18.758823529411764,0.0
581,2022-08-05,11.100000000000001,16.1,7.1,16.229166666666668,0.0
582,2022-08-06,9.879166666666666,12.5,8.0,14.608333333333334,0.0
583,2022-08-07,10.35,16.2,7.4,14.9125,0.0
584,2022-08-08,13.420833333333334,25.9,5.7,19.370833333333334,0.0
585,2022-08-09,14.762500000000001,24.3,6.8,21.599999999999998,0.20833333333333334
586,2022-08-10,13.354166666666666,18.3,8.4,19.320833333333333,0.125
587,2022-08-11,9.9,15.0,7.0,14.387500000000001,0.375
588,2022-08-12,11.65,23.4,6.0,17.295833333333334,0.6666666666666666
589,2022-08-13,11.633333333333333,18.1,7.6,17.4375,1.0
590,2022-08-14,17.537499999999998,27.0,9.9,25.683333333333334,0.625
591,2022-08-15,18.383333333333333,25.8,8.8,27.02916666666667,0.8333333333333334
592,2022-08-16,10.924999999999999,14.7,6.8,15.762500000000001,0.0
593,2022-08-17,8.958333333333334,14.1,5.2,13.0,0.0
594,2022-08-18,13.0625,20.4,7.4,18.837500000000002,0.0
595,2022-08-19,14.950000000000001,23.0,8.1,22.025000000000002,0.0
596,2022-08-20,14.091666666666667,21.5,9.0,21.183333333333334,0.625
597,2022-08-21,14.35,22.7,9.3,21.1125,0.75
598,2022-08-22,13.054166666666667,25.7,6.1,18.895833333333332,0.375
599,2022-08-23,20.295833333333334,39.7,8.8,29.625,0.625
600,2022-08-24,30.891666666666666,61.2,14.1,44.75416666666666,0.25
601,2022-08-25,16.245833333333334,23.9,11.6,23.575,0.25
602,2022-08-26,10.441666666666666,13.7,8.1,15.275,0.125
603,2022-08-27,11.125,14.7,6.1,16.529166666666665,0.0
604,2022-08-28,53.40833333333333,178.8,12.0,76.9375,0.0
605,2022-08-29,99.58749999999999,185.3,28.8,142.69166666666666,0.0
606,2022-08-30,73.70416666666667,106.2,49.1,105.5625,0.0
607,2022-08-31,27.47083333333333,69.4,14.4,40.07083333333333,0.0
608,2022-09-01,26.508333333333336,46.9,12.2,38.67916666666667,0.0
609,2022-09-02,66.65833333333333,113.4,23.1,96.07916666666667,0.0
610,2022-09-03,44.59166666666667,77.8,12.4,64.40833333333333,0.0
611,2022-09-04,17.125,27.6,10.7,24.724999999999998,0.0
612,2022-09-05,21.545833333333334,31.9,7.6,31.104166666666668,0.0
613,2022-09-06,23.8625,38.5,11.7,34.4375,0.0
614,2022-09-07,42.45,66.6,21.3,60.737500000000004,0.0
615,2022-09-08,42.75833333333333,80.6,23.9,61.26666666666667,0.0
616,2022-09-09,18.425,30.3,9.7,26.84583333333333,0.0
617,2022-09-10,25.629166666666666,36.1,15.5,37.25833333333333,0.0
618,2022-09-11,44.84583333333333,71.9,16.9,66.20416666666667,0.75
619,2022-09-12,41.75,59.0,17.6,61.9,1.375
620,2022-09-13,75.075,121.5,14.4,108.92916666666667,0.75
621,2022-09-14,37.625,78.9,10.5,54.725,0.0
622,2022-09-15,16.795833333333334,38.6,7.9,24.170833333333334,0.0
623,2022-09-16,12.966666666666667,18.0,7.7,18.791666666666668,0.0
624,2022-09-17,11.920833333333334,19.3,8.5,17.366666666666667,0.0
625,2022-09-18,13.158333333333333,23.6,7.3,19.008333333333333,0.0
626,2022-09-19,17.329166666666666,32.5,10.6,25.479166666666668,0.0
627,2022-09-20,21.962500000000002,30.0,15.7,32.97083333333333,1.25
628,2022-09-21,33.78333333333333,73.3,13.7,49.604166666666664,0.25
629,2022-09-22,51.324999999999996,86.8,14.3,74.12916666666666,0.0
630,2022-09-23,43.6625,85.4,18.2,62.52916666666667,0.0
631,2022-09-24,32.69583333333333,61.0,14.4,46.800000000000004,0.0
632,2022-09-25,17.866666666666667,25.0,14.3,25.870833333333334,0.0
633,2022-09-26,28.45,37.8,13.7,40.94166666666667,0.0
634,2022-09-27,25.245833333333334,46.0,12.4,36.25416666666667,0.0
635,2022-09-28,20.4875,30.5,13.7,29.416666666666668,0.0
636,2022-09-29,11.275,18.6,6.3,16.195833333333333,0.0
637,2022-09-30,11.054166666666667,21.1,6.7,15.9125,0.0
638,2022-10-01,11.245833333333332,26.8,7.3,16.2,0.0
639,2022-10-02,30.474999999999998,54.4,17.9,43.94166666666666,0.0
640,2022-10-03,34.041666666666664,63.3,17.3,48.8125,0.0
641,2022-10-04,35.15,59.0,25.4,50.458333333333336,0.0
642,2022-10-05,57.208333333333336,94.8,38.9,82.02083333333333,0.0
643,2022-10-06,50.04583333333333,93.8,23.7,71.75416666666666,0.0
644,2022-10-07,48.43333333333334,61.9,37.4,69.44166666666666,0.0
645,2022-10-08,76.3875,109.7,32.7,109.66666666666667,0.0
646,2022-10-09,80.90833333333333,109.7,27.4,116.14166666666667,0.0
647,2022-10-10,27.141666666666666,36.7,17.5,38.875,0.0
648,2022-10-11,35.487500000000004,82.7,18.2,51.02916666666667,0.0
649,2022-10-12,90.9875,187.2,47.5,130.80833333333334,0.0
650,2022-10-13,79.73333333333333,168.6,40.0,114.65833333333335,0.0
651,2022-10-14,81.95,111.3,56.7,117.97500000000001,0.0
652,2022-10-15,64.12916666666666,107.8,22.1,92.425,0.0
653,2022-10-16,39.1625,61.5,20.2,56.80416666666667,0.0
654,2022-10-17,63.78333333333333,117.6,46.3,93.33333333333333,0.0
655,2022-10-18,69.10000000000001,106.2,42.5,99.29166666666667,0.25
656,2022-10-19,60.770833333333336,78.7,41.2,90.58749999999999,0.5
657,2022-10-20,56.4625,72.2,43.3,82.62916666666668,0.08333333333333333
658,2022-10-21,56.29583333333333,79.6,34.5,80.85416666666667,0.0
659,2022-10-22,64.17916666666666,136.4,18.6,92.01666666666667,0.0
660,2022-10-23,134.30416666666667,250.5,76.6,192.14166666666665,0.0
661,2022-10-24,222.775,261.7,174.2,318.8625,0.0
662,2022-10-25,120.44583333333333,233.3,42.8,172.95000000000002,0.0
663,2022-10-26,62.4125,97.6,43.0,90.03333333333335,0.0
664,2022-10-27,49.35833333333333,81.0,26.7,71.075,0.0
665,2022-10-28,65.60833333333333,100.6,44.0,94.72500000000001,0.0
666,2022-10-29,46.666666666666664,65.2,35.9,68.59583333333333,0.0
667,2022-10-30,62.9,115.3,33.3,93.04166666666667,0.0
668,2022-10-31,67.65833333333333,105.5,44.8,98.39999999999999,0.0
669,2022-11-01,62.75,82.7,41.9,89.89583333333333,0.0
670,2022-11-02,61.762499999999996,79.2,38.5,88.33749999999999,0.0
671,2022-11-03,64.08333333333333,114.6,46.9,91.67916666666667,0.0
672,2022-11-04,67.34166666666667,120.1,41.0,96.57916666666667,0.0
673,2022-11-05,56.24166666666667,96.2,36.7,81.70833333333333,0.0
674,2022-11-06,53.612500000000004,82.7,33.9,78.33333333333333,0.0
675,2022-11-07,77.56666666666666,122.9,63.8,112.03750000000001,0.0
676,2022-11-08,121.675,236.6,73.1,174.54999999999998,0.0
677,2022-11-09,76.12083333333334,138.3,48.1,109.33749999999999,0.08333333333333333
678,2022-11-10,76.7,141.1,47.7,110.17916666666667,0.0
679,2022-11-11,93.05,156.0,41.8,133.4,0.0
680,2022-11-12,99.80833333333334,208.6,49.6,143.15416666666667,0.0
681,2022-11-13,102.97083333333335,172.3,65.4,148.20833333333334,0.0
682,2022-11-14,58.37083333333334,142.0,24.4,84.35833333333333,0.0
683,2022-11-15,81.21666666666667,169.0,34.8,117.22083333333335,0.0
684,2022-11-16,131.3125,190.9,99.0,189.35,0.0
685,2022-11-17,148.00416666666666,229.6,23.2,213.59583333333333,0.0
686,2022-11-18,36.574999999999996,95.9,20.5,53.0625,0.0
687,2022-11-19,74.52499999999999,123.4,45.2,107.49166666666667,0.0
688,2022-11-20,59.01666666666667,105.5,38.0,85.2375,0.0
689,2022-11-21,85.12916666666666,126.2,54.2,123.23333333333333,0.0
690,2022-11-22,87.875,160.2,53.9,127.2375,0.0
691,2022-11-23,78.96249999999999,128.5,30.2,113.80416666666667,0.0
692,2022-11-24,26.2,46.8,12.9,37.449999999999996,0.0
693,2022-11-25,24.84583333333333,38.0,15.9,35.608333333333334,0.0
694,2022-11-26,27.962500000000002,46.9,15.4,40.237500000000004,0.0
695,2022-11-27,33.37083333333333,52.3,16.2,48.6625,0.0
696,2022-11-28,56.449999999999996,91.3,36.2,81.58333333333333,0.0
697,2022-11-29,94.57916666666667,209.1,39.7,135.99583333333334,0.0
698,2022-11-30,178.54999999999998,283.1,34.3,255.72916666666666,0.0
699,2022-12-01,82.35833333333333,160.2,40.4,117.85416666666667,0.0
700,2022-12-02,50.04583333333333,90.3,22.1,71.80833333333334,0.0
701,2022-12-03,57.6875,90.6,24.1,82.66250000000001,0.0
702,2022-12-04,46.69166666666666,85.2,29.1,67.16250000000001,0.0
703,2022-12-05,47.666666666666664,78.5,27.0,68.75,0.0
704,2022-12-06,37.487500000000004,80.3,14.6,53.854166666666664,0.0
705,2022-12-07,59.85833333333333,116.9,34.7,85.75833333333333,0.0
706,2022-12-08,82.02083333333333,163.4,39.0,117.6375,0.0
707,2022-12-09,125.16666666666667,182.1,57.9,179.36666666666667,0.0
708,2022-12-10,99.575,181.6,64.7,142.58333333333334,0.0
709,2022-12-11,95.79583333333333,183.0,34.9,137.31666666666666,0.0
710,2022-12-12,53.487500000000004,115.9,32.0,77.04583333333333,0.25
711,2022-12-13,25.829166666666666,45.5,0.6,38.704166666666666,0.0
712,2022-12-14,0.8083333333333335,0.9,0.6,1.1458333333333333,0.0
713,2022-12-15,0.7166666666666667,0.8,0.6,1.0125,0.0
714,2022-12-16,63.80833333333334,167.6,0.7,92.8125,0.0
715,2022-12-17,44.85,94.1,19.6,65.54166666666667,0.0
716,2022-12-18,30.483333333333334,46.2,18.5,44.93333333333334,0.0
717,2022-12-19,36.545833333333334,59.5,20.4,53.99583333333334,0.0
718,2022-12-20,62.62916666666666,150.4,33.2,91.29583333333333,0.0
719,2022-12-21,90.85416666666667,210.9,45.3,131.44583333333333,0.0
720,2022-12-22,115.81666666666666,287.8,47.1,166.02916666666667,0.0
721,2022-12-23,144.8375,299.0,72.2,208.0625,0.0
722,2022-12-24,46.26666666666667,67.1,33.3,67.89583333333333,0.0
723,2022-12-25,47.51666666666667,74.0,29.6,70.25,0.0
724,2022-12-26,69.175,138.8,39.5,101.5625,0.0
725,2022-12-27,75.06666666666666,186.7,44.5,109.3875,0.0
726,2022-12-28,136.67499999999998,227.7,84.5,196.5875,0.0
727,2022-12-29,140.7875,218.4,63.8,202.08333333333334,0.0
728,2022-12-30,74.15833333333333,183.5,29.5,106.3125,0.0
729,2022-12-31,60.895833333333336,103.1,28.3,87.41666666666667,0.0
730,2023-01-01,41.920833333333334,78.7,27.0,60.55416666666667,0.0
731,2023-01-02,73.69583333333334,125.3,38.8,106.675,0.0
732,2023-01-03,63.925000000000004,117.3,36.8,92.12083333333334,0.0
733,2023-01-04,66.42083333333333,141.6,28.8,95.17083333333333,0.0
734,2023-01-05,53.8375,81.0,30.7,77.12916666666666,0.0
735,2023-01-06,30.84583333333333,54.2,16.8,44.67083333333333,0.0
736,2023-01-07,40.03333333333333,88.7,13.6,57.800000000000004,0.0
737,2023-01-08,81.94583333333334,109.4,68.2,118.27499999999999,0.0
738,2023-01-09,101.85416666666667,156.5,58.3,146.22916666666666,0.0
739,2023-01-10,121.3625,222.6,50.4,173.98749999999998,0.0
740,2023-01-11,37.625,54.6,24.6,53.975,0.0
741,2023-01-12,65.96249999999999,148.1,27.8,94.39166666666667,0.0
742,2023-01-13,41.675000000000004,67.1,13.8,59.82083333333333,0.0
743,2023-01-14,40.237500000000004,101.3,10.1,57.93333333333334,0.0
744,2023-01-15,78.41250000000001,127.1,19.8,112.64583333333333,0.0
745,2023-01-16,52.479166666666664,74.7,24.9,75.35416666666667,0.0
746,2023-01-17,73.9375,205.4,21.0,106.075,0.0
747,2023-01-18,57.47083333333333,107.1,32.1,82.3875,0.0
748,2023-01-19,47.26666666666667,97.1,23.9,67.70833333333333,0.0
749,2023-01-20,60.28333333333333,143.0,25.8,86.50416666666666,0.0
750,2023-01-21,70.25416666666666,145.3,36.8,100.77083333333333,0.0
751,2023-01-22,90.05833333333334,163.9,59.8,129.17916666666665,0.0
752,2023-01-23,158.25833333333333,394.9,74.3,226.35416666666666,0.0
753,2023-01-24,73.16666666666667,117.1,16.1,104.92083333333333,0.0
754,2023-01-25,38.96666666666667,78.2,10.0,56.45416666666666,0.0
755,2023-01-26,86.14999999999999,169.0,58.6,123.74166666666667,0.0
756,2023-01-27,100.40833333333335,151.8,62.6,144.00833333333333,0.0
757,2023-01-28,36.050000000000004,60.1,14.6,52.11666666666667,0.0
758,2023-01-29,33.80833333333333,45.9,21.4,50.12916666666666,0.0
759,2023-01-30,52.06666666666666,98.5,26.5,77.2625,0.25
760,2023-01-31,113.17083333333333,271.0,74.0,163.7125,0.0
761,2023-02-01,197.57083333333333,379.0,105.5,284.02500000000003,0.0
762,2023-02-02,243.22916666666666,334.3,152.3,348.7416666666666,0.0
763,2023-02-03,91.02083333333333,149.5,46.8,131.65416666666667,0.0
764,2023-02-04,112.72916666666667,221.2,43.7,162.34583333333333,0.0
765,2023-02-05,71.22916666666667,148.5,32.2,103.37916666666666,0.0
766,2023-02-06,51.987500000000004,94.1,28.6,76.04166666666667,0.0
767,2023-02-07,31.6875,47.7,21.8,47.275,0.0
768,2023-02-08,27.849999999999998,50.9,15.4,41.6875,0.0
769,2023-02-09,19.45,31.7,9.8,29.170833333333334,0.0
770,2023-02-10,20.533333333333335,34.6,11.8,30.462500000000002,0.0
771,2023-02-11,27.120833333333334,59.8,12.1,40.09166666666667,0.0
772,2023-02-12,29.416666666666668,62.2,10.7,43.55416666666667,0.0
773,2023-02-13,29.599999999999998,48.7,14.0,44.15833333333333,0.0
774,2023-02-14,33.0375,63.6,15.9,48.92916666666667,0.0
775,2023-02-15,35.666666666666664,56.3,17.1,52.07916666666667,0.0
776,2023-02-16,53.07916666666667,71.5,27.7,76.57083333333334,0.0
777,2023-02-17,58.699999999999996,80.6,41.3,84.70833333333333,0.0
778,2023-02-18,68.825,148.1,33.9,99.02083333333333,0.0
779,2023-02-19,142.80833333333334,206.3,68.0,204.57500000000002,0.0
780,2023-02-20,97.66250000000001,199.3,35.3,140.39583333333334,0.0
781,2023-02-21,133.42916666666667,246.8,51.3,191.5666666666667,0.0
782,2023-02-22,129.725,272.9,40.2,186.475,0.0
783,2023-02-23,220.39583333333334,346.5,139.7,316.02916666666664,0.0
784,2023-02-24,171.32083333333333,206.8,80.8,245.5666666666667,0.0
785,2023-02-25,43.887499999999996,80.6,23.5,63.56666666666666,0.0
786,2023-02-26,36.15,62.9,17.3,52.729166666666664,0.0
787,2023-02-27,51.145833333333336,116.4,22.9,74.42083333333333,0.0
788,2023-02-28,85.81666666666666,150.4,46.8,123.47916666666667,0.0
789,2023-03-01,147.56666666666666,309.2,64.0,211.51250000000002,0.0
790,2023-03-02,163.15,329.7,80.6,234.0375,0.0
791,2023-03-03,104.31666666666666,285.0,37.4,150.0375,0.0
792,2023-03-04,106.46666666666665,247.7,46.6,153.89166666666668,0.0
793,2023-03-05,106.99166666666667,296.2,46.6,154.52083333333334,0.0
794,2023-03-06,108.19583333333333,232.4,49.4,156.01250000000002,0.0
795,2023-03-07,276.15416666666664,371.6,212.3,396.00416666666666,0.0
796,2023-03-08,232.63333333333333,304.5,105.0,334.12083333333334,0.0
797,2023-03-09,66.38333333333334,80.6,52.5,98.1875,0.0
798,2023-03-10,65.5,101.3,45.1,96.53750000000001,0.0
799,2023-03-11,39.075,48.7,30.2,58.5375,0.0
800,2023-03-12,33.87916666666667,45.3,24.6,51.75,0.0
801,2023-03-13,76.8125,190.0,22.7,111.55833333333334,0.0
802,2023-03-14,85.22500000000001,184.4,40.5,122.5125,0.0
803,2023-03-15,92.58333333333333,141.1,21.9,133.80416666666667,0.0
804,2023-03-16,27.679166666666664,49.6,17.9,42.99583333333334,0.0
805,2023-03-17,27.270833333333332,52.5,15.8,41.612500000000004,0.0
806,2023-03-18,25.22083333333333,38.6,14.8,38.583333333333336,0.0
807,2023-03-19,24.983333333333334,35.5,16.8,38.02916666666667,0.0
808,2023-03-20,30.90833333333333,50.8,17.9,46.59166666666667,0.0
809,2023-03-21,27.320833333333336,41.1,17.5,41.479166666666664,0.0
810,2023-03-22,24.883333333333336,37.1,16.2,37.9,0.0
811,2023-03-23,23.633333333333336,37.1,15.4,35.483333333333334,0.0
812,2023-03-24,27.825,49.6,17.2,41.2875,0.0
813,2023-03-25,27.09166666666667,40.5,17.5,40.420833333333334,0.0
814,2023-03-26,23.129166666666666,29.3,16.6,35.15416666666667,0.0
815,2023-03-27,20.570833333333333,29.9,14.0,31.8,0.0
816,2023-03-28,15.591666666666667,21.9,13.0,24.604166666666668,0.0
817,2023-03-29,17.1875,27.1,11.1,26.120833333333334,0.0
818,2023-03-30,16.4375,24.8,9.6,24.90416666666667,0.0
819,2023-03-31,31.504166666666666,42.6,19.2,47.00833333333333,0.0
820,2023-04-01,34.791666666666664,54.0,19.6,52.3125,0.0
821,2023-04-02,55.699999999999996,91.3,22.4,82.95416666666667,0.5
822,2023-04-03,47.166666666666664,78.5,24.7,70.075,0.75
823,2023-04-04,54.862500000000004,83.1,30.4,81.40833333333333,0.7083333333333334
824,2023-04-05,41.829166666666666,71.9,21.9,62.25,2.25
825,2023-04-06,50.2125,93.8,18.3,74.5875,1.0
826,2023-04-07,47.93333333333334,63.8,38.6,71.125,0.5416666666666666
827,2023-04-08,31.695833333333336,49.9,14.9,48.05833333333334,0.0
828,2023-04-09,25.0125,50.3,7.9,37.579166666666666,0.0
829,2023-04-10,28.22083333333333,57.7,6.9,42.041666666666664,0.0
830,2023-04-11,42.145833333333336,68.0,11.1,62.32083333333333,0.0
831,2023-04-12,62.050000000000004,114.1,16.5,91.57083333333333,0.08333333333333333
832,2023-04-13,73.59583333333333,127.6,43.9,108.33333333333333,0.75
833,2023-04-14,76.19166666666666,153.7,36.7,113.15833333333335,0.75
834,2023-04-15,62.00416666666666,114.6,21.7,92.61666666666667,0.4583333333333333
835,2023-04-16,69.425,113.2,37.1,103.53750000000001,0.20833333333333334
836,2023-04-17,56.7875,102.7,36.1,85.75833333333333,0.0
837,2023-04-18,38.31666666666667,48.4,26.2,58.4625,0.0
838,2023-04-19,44.90416666666667,58.1,23.6,67.01666666666667,0.375
839,2023-04-20,31.991666666666664,57.0,18.5,48.07083333333333,0.0
840,2023-04-21,45.270833333333336,71.9,21.0,68.8625,0.75
841,2023-04-22,48.96666666666667,85.2,22.9,74.21249999999999,0.5833333333333334
842,2023-04-23,21.224999999999998,32.9,14.8,33.49583333333333,0.0
843,2023-04-24,39.949999999999996,89.6,13.7,59.387499999999996,0.0
844,2023-04-25,35.44583333333333,55.2,19.8,52.52916666666667,0.0
845,2023-04-26,33.775,64.3,20.7,49.854166666666664,0.0
846,2023-04-27,77.31666666666666,114.6,39.3,111.15416666666665,0.0
847,2023-04-28,65.05833333333334,101.5,32.6,94.53750000000001,0.0
848,2023-04-29,32.487500000000004,45.6,18.2,49.229166666666664,0.0
849,2023-04-30,30.629166666666666,49.5,15.3,45.44583333333333,0.0
850,2023-05-01,38.57083333333333,65.2,25.3,55.35833333333333,0.0
851,2023-05-02,25.662499999999998,39.5,14.3,37.90833333333333,0.0
852,2023-05-03,20.641666666666666,37.4,12.9,31.229166666666668,0.0
853,2023-05-04,17.4875,26.6,11.7,26.44583333333333,0.0
854,2023-05-05,31.9375,56.1,15.7,46.725,0.0
855,2023-05-06,40.09166666666667,80.6,18.9,58.74583333333334,0.0
856,2023-05-07,40.74583333333333,122.9,12.3,60.0625,0.0
857,2023-05-08,36.300000000000004,79.9,16.0,53.7875,0.0
858,2023-05-09,24.5125,39.8,15.0,37.208333333333336,0.0
859,2023-05-10,30.745833333333334,55.2,12.9,44.65416666666667,0.0
860,2023-05-11,28.816666666666666,36.4,13.5,42.333333333333336,0.75
861,2023-05-12,19.279166666666665,26.7,10.5,30.520833333333332,3.875
862,2023-05-13,18.716666666666665,29.0,13.8,29.854166666666668,3.625
863,2023-05-14,13.270833333333334,16.4,11.1,21.504166666666666,2.0833333333333335
864,2023-05-15,21.579166666666666,34.9,13.2,34.15833333333333,1.0
865,2023-05-16,36.104166666666664,72.9,20.7,55.99166666666667,1.0
866,2023-05-17,43.86666666666667,114.1,19.7,66.35833333333333,0.5
867,2023-05-18,27.912499999999998,64.7,15.1,42.737500000000004,1.6666666666666667
868,2023-05-19,30.004166666666666,57.2,12.7,45.324999999999996,1.4583333333333333
869,2023-05-20,35.50416666666667,84.1,10.7,53.30833333333334,2.2916666666666665
870,2023-05-21,38.9625,82.0,18.4,59.35,4.208333333333333
871,2023-05-22,27.633333333333336,49.9,15.8,42.7125,3.3333333333333335
872,2023-05-23,32.875,44.0,22.2,50.666666666666664,3.0416666666666665
873,2023-05-24,19.587500000000002,29.0,10.2,29.75,0.9166666666666666
874,2023-05-25,21.40416666666667,34.1,12.7,32.9625,1.2083333333333333
875,2023-05-26,44.69166666666666,94.5,19.4,67.7375,3.25
876,2023-05-27,28.670833333333334,53.7,13.8,43.55833333333334,1.8333333333333333
877,2023-05-28,58.15833333333333,107.6,29.6,85.50833333333333,1.5833333333333333
878,2023-05-29,103.99166666666667,142.0,63.1,149.81666666666666,1.0
879,2023-05-30,35.1875,59.5,20.7,50.47083333333333,0.0
880,2023-05-31,27.825,44.0,8.6,40.666666666666664,0.7083333333333334
881,2023-06-01,25.454166666666666,55.9,9.9,38.82083333333333,2.2083333333333335
882,2023-06-02,20.2,51.8,7.4,29.90416666666667,0.5
883,2023-06-03,14.3125,22.5,9.4,21.650000000000002,0.75
884,2023-06-04,11.758333333333333,26.0,5.6,17.291666666666668,0.0
885,2023-06-05,12.233333333333334,28.3,5.3,17.974999999999998,0.0
886,2023-06-06,9.991666666666667,16.5,5.7,14.525,0.0
887,2023-06-07,9.354166666666666,15.0,5.7,13.683333333333332,0.0
888,2023-06-08,8.491666666666667,16.8,4.5,12.2875,0.0
889,2023-06-09,9.066666666666666,14.3,5.4,13.179166666666667,0.0
890,2023-06-10,9.895833333333334,16.4,5.6,14.4125,0.0
891,2023-06-11,8.958333333333334,11.7,6.1,12.954166666666666,0.0
892,2023-06-12,9.0625,13.7,6.9,13.333333333333334,0.0
893,2023-06-13,7.770833333333333,13.5,5.4,11.529166666666667,0.16666666666666666
894,2023-06-14,8.766666666666667,14.9,4.2,13.075000000000001,0.125
895,2023-06-15,10.637500000000001,16.4,5.7,15.545833333333334,0.125
896,2023-06-16,12.779166666666667,19.3,7.7,19.3,0.625
897,2023-06-17,11.575000000000001,21.1,7.6,17.170833333333334,0.20833333333333334
898,2023-06-18,9.479166666666666,15.4,6.4,13.770833333333334,0.0
899,2023-06-19,14.445833333333333,21.4,7.3,21.770833333333332,1.375
900,2023-06-20,17.145833333333332,25.3,9.0,25.708333333333332,1.5
901,2023-06-21,27.058333333333334,47.1,14.7,41.09166666666667,2.625
902,2023-06-22,30.354166666666668,45.3,14.8,45.55416666666667,2.6666666666666665
903,2023-06-23,40.25,99.4,11.9,59.5875,1.7916666666666667
904,2023-06-24,23.212500000000002,48.2,7.8,34.15833333333333,0.9583333333333334
905,2023-06-25,30.308333333333334,65.4,11.4,44.44583333333333,1.25
906,2023-06-26,30.625,48.1,14.3,45.50833333333333,2.0833333333333335
907,2023-06-27,35.145833333333336,77.1,10.5,51.55833333333334,1.2916666666666667
908,2023-06-28,29.6375,74.7,10.7,44.34583333333333,6.0
909,2023-06-29,18.962500000000002,33.9,7.3,29.2375,5.333333333333333
910,2023-06-30,13.004166666666668,22.2,6.7,19.1125,1.2083333333333333
911,2023-07-01,14.412500000000001,37.0,7.1,21.320833333333333,1.4583333333333333
912,2023-07-02,6.470833333333334,10.4,3.9,9.354166666666666,0.0
913,2023-07-03,6.408333333333334,10.4,3.0,9.654166666666667,0.75
914,2023-07-04,10.591666666666667,15.7,5.2,17.962500000000002,4.791666666666667
915,2023-07-05,23.3,39.0,11.6,36.854166666666664,7.416666666666667
916,2023-07-06,19.599999999999998,36.9,9.6,30.454166666666666,4.833333333333333
917,2023-07-07,23.84583333333333,51.1,8.9,36.05833333333333,3.5
918,2023-07-08,14.299999999999999,26.3,9.4,22.537499999999998,3.6666666666666665
919,2023-07-09,14.179166666666667,26.4,6.3,21.316666666666666,2.0
920,2023-07-10,7.541666666666667,10.4,4.5,11.479166666666666,0.3333333333333333
921,2023-07-11,10.075000000000001,12.6,7.6,15.129166666666668,0.4583333333333333
922,2023-07-12,17.116666666666667,30.7,9.9,24.6875,0.9583333333333334
923,2023-07-13,13.729166666666666,24.2,8.1,21.349999999999998,3.2916666666666665
924,2023-07-14,9.508333333333333,12.9,5.0,14.737499999999999,3.2083333333333335
925,2023-07-15,14.695833333333333,17.3,11.5,24.979166666666668,11.375
926,2023-07-16,6.933333333333334,12.3,3.3,10.991666666666667,2.9583333333333335
927,2023-07-17,3.141666666666666,4.6,1.4,4.591666666666667,0.0
928,2023-07-18,3.904166666666667,6.7,1.4,5.695833333333333,0.2916666666666667
929,2023-07-19,5.241666666666666,11.8,1.5,8.0375,1.9166666666666667
930,2023-07-20,7.8500000000000005,11.9,5.1,13.15,5.208333333333333
931,2023-07-21,10.299999999999999,18.0,4.8,16.829166666666666,5.333333333333333
932,2023-07-22,18.370833333333334,34.7,13.0,27.183333333333334,3.5416666666666665
933,2023-07-23,15.654166666666667,20.0,11.6,22.383333333333336,0.875
934,2023-07-24,11.195833333333333,16.6,7.4,16.295833333333334,1.625
935,2023-07-25,7.895833333333333,11.4,3.5,11.295833333333334,0.75
936,2023-07-26,11.654166666666667,20.5,7.7,17.537499999999998,3.0416666666666665
937,2023-07-27,7.604166666666667,12.1,4.4,11.9125,2.7083333333333335
938,2023-07-28,6.2875000000000005,9.2,4.6,9.975,1.875
939,2023-07-29,4.4125000000000005,6.5,2.2,6.866666666666667,1.125
940,2023-07-30,4.366666666666666,7.3,1.9,7.329166666666667,2.6666666666666665
941,2023-07-31,5.425,11.1,1.4,10.15,5.5
942,2023-08-01,6.5,10.3,4.8,11.895833333333334,5.125
943,2023-08-02,6.1375,10.5,4.0,11.7125,7.083333333333333
944,2023-08-03,5.3500000000000005,9.9,2.2,8.941666666666666,3.7083333333333335
945,2023-08-04,6.629166666666666,12.2,2.6,11.670833333333334,5.958333333333333
946,2023-08-05,7.241666666666667,9.1,4.9,11.791666666666666,3.4166666666666665
947,2023-08-06,5.145833333333333,7.5,3.7,8.508333333333333,2.9166666666666665
948,2023-08-07,4.708333333333333,8.7,2.3,7.545833333333333,1.9166666666666667
949,2023-08-08,4.966666666666667,8.1,2.3,8.016666666666667,1.5833333333333333
950,2023-08-09,6.241666666666667,12.7,3.0,9.85,1.5416666666666667
951,2023-08-10,6.604166666666667,10.9,3.0,10.391666666666667,2.25
952,2023-08-11,7.245833333333334,12.6,3.0,11.0875,1.0
953,2023-08-12,7.220833333333334,14.3,3.5,11.808333333333332,4.0
954,2023-08-13,9.216666666666667,16.3,4.1,15.041666666666666,4.166666666666667
955,2023-08-14,8.008333333333333,13.0,4.6,12.3125,1.7083333333333333
956,2023-08-15,7.141666666666667,14.1,2.6,10.525,0.5833333333333334
957,2023-08-16,7.554166666666667,13.1,3.1,11.137500000000001,1.1666666666666667
958,2023-08-17,11.454166666666666,17.8,7.5,16.958333333333332,2.3333333333333335
959,2023-08-18,13.741666666666667,27.0,5.4,20.558333333333334,2.0833333333333335
960,2023-08-19,17.037499999999998,27.9,9.8,27.695833333333336,9.75
961,2023-08-20,18.220833333333335,33.1,8.3,28.045833333333334,6.291666666666667
962,2023-08-21,15.045833333333334,25.2,7.5,22.125,2.0
963,2023-08-22,9.266666666666667,13.2,4.6,13.620833333333332,1.4583333333333333
964,2023-08-23,11.091666666666667,20.5,6.6,16.195833333333333,1.25
965,2023-08-24,8.658333333333333,13.3,5.5,12.966666666666667,1.5416666666666667
966,2023-08-25,10.233333333333333,19.3,4.2,15.841666666666667,3.1666666666666665
967,2023-08-26,9.7875,20.1,4.4,14.433333333333332,1.2916666666666667
968,2023-08-27,9.7125,17.6,3.8,14.329166666666666,1.0833333333333333
969,2023-08-28,11.191666666666668,15.7,7.3,16.974999999999998,1.3333333333333333
970,2023-08-29,7.916666666666667,14.3,4.8,12.083333333333334,0.9583333333333334
971,2023-08-30,7.916666666666667,15.1,2.8,11.4375,0.08333333333333333
972,2023-08-31,20.045833333333334,38.8,9.0,29.28333333333333,2.0833333333333335
973,2023-09-01,12.85,24.3,7.7,19.4875,3.9583333333333335
974,2023-09-02,11.616666666666667,19.0,3.8,18.150000000000002,5.958333333333333
975,2023-09-03,10.645833333333334,21.3,3.2,15.670833333333334,1.625
976,2023-09-04,9.933333333333334,18.2,3.7,14.345833333333333,0.4166666666666667
977,2023-09-05,4.325,7.8,1.6,6.229166666666667,0.0
978,2023-09-06,9.9375,20.4,3.1,14.6875,0.0
979,2023-09-07,12.924999999999999,17.4,6.6,19.316666666666666,0.875
980,2023-09-08,11.183333333333332,20.4,6.6,16.075,0.0
981,2023-09-09,7.779166666666666,14.6,3.7,11.291666666666666,0.0
982,2023-09-10,4.708333333333333,9.2,2.4,6.779166666666668,0.0
983,2023-09-11,4.029166666666667,8.4,1.1,5.804166666666667,0.0
984,2023-09-12,3.595833333333333,5.6,1.3,5.3,0.25
985,2023-09-13,6.870833333333334,15.3,2.1,10.533333333333333,2.0416666666666665
986,2023-09-14,7.608333333333333,15.7,5.0,11.041666666666666,0.5
987,2023-09-15,4.679166666666666,8.1,3.1,6.7250000000000005,0.0
988,2023-09-16,5.633333333333333,11.8,2.5,8.079166666666667,0.0
989,2023-09-17,5.570833333333333,11.2,1.9,8.0875,0.0
990,2023-09-18,8.358333333333333,13.4,4.1,12.758333333333333,0.7083333333333334
991,2023-09-19,35.108333333333334,80.8,8.3,50.520833333333336,0.0
992,2023-09-20,26.583333333333332,62.9,9.5,38.237500000000004,0.125
993,2023-09-21,50.770833333333336,78.2,27.1,73.125,0.5416666666666666
994,2023-09-22,82.55833333333334,162.1,25.7,118.21666666666665,0.0
995,2023-09-23,40.204166666666666,59.1,16.2,58.175000000000004,0.0
996,2023-09-24,43.875,76.8,23.5,63.75833333333333,0.0
997,2023-09-25,29.616666666666664,62.9,8.4,42.699999999999996,0.0
998,2023-09-26,20.625,28.4,12.9,29.599999999999998,0.0
999,2023-09-27,9.35,16.9,3.9,13.383333333333333,0.0
1000,2023-09-28,2.8125,5.1,1.5,4.066666666666666,0.0
1001,2023-09-29,5.008333333333334,11.0,0.9,7.720833333333332,0.0
1002,2023-09-30,9.320833333333333,17.3,4.2,14.016666666666666,0.0
1003,2023-10-01,16.591666666666665,29.0,11.1,24.179166666666664,0.0
1004,2023-10-02,14.741666666666667,25.7,7.0,21.270833333333332,0.0
1005,2023-10-03,15.549999999999999,26.5,7.3,22.433333333333334,0.0
1006,2023-10-04,17.358333333333334,29.7,8.9,24.866666666666664,0.0
1007,2023-10-05,44.76666666666667,91.7,13.8,64.10000000000001,0.0
1008,2023-10-06,13.354166666666666,27.7,5.0,19.154166666666665,0.0
1009,2023-10-07,13.079166666666666,22.6,5.5,19.041666666666668,0.0
1010,2023-10-08,11.75,18.0,6.4,16.895833333333332,0.0
1011,2023-10-09,17.541666666666668,33.8,5.7,26.09166666666667,0.875
1012,2023-10-10,43.12916666666666,84.1,18.3,62.0,0.75
1013,2023-10-11,21.912499999999998,36.2,11.1,31.358333333333334,0.0
1014,2023-10-12,26.59583333333333,43.7,9.7,38.3375,0.0
1015,2023-10-13,46.824999999999996,92.2,20.5,67.52499999999999,0.0
1016,2023-10-14,39.02916666666667,65.7,18.2,56.42083333333333,0.0
1017,2023-10-15,47.74583333333334,105.7,11.6,68.6375,0.0
1018,2023-10-16,34.5375,62.2,11.6,50.199999999999996,0.0
1019,2023-10-17,46.104166666666664,67.3,24.9,67.90416666666667,0.0
1020,2023-10-18,93.21666666666665,142.5,63.6,135.20000000000002,0.0
1021,2023-10-19,57.70416666666667,82.7,33.9,83.42083333333333,0.0
1022,2023-10-20,82.36666666666666,163.9,17.7,118.41666666666667,0.3333333333333333
1023,2023-10-21,41.27916666666667,121.1,15.7,59.23333333333333,0.0
1024,2023-10-22,28.462500000000002,51.9,13.0,40.891666666666666,0.0
1025,2023-10-23,55.425000000000004,82.2,32.2,79.3125,0.0
1026,2023-10-24,69.875,126.2,24.0,100.46666666666665,0.0
1027,2023-10-25,45.56666666666666,77.5,21.9,65.9125,0.0
1028,2023-10-26,47.26666666666667,76.4,22.4,67.7625,0.0
1029,2023-10-27,29.070833333333336,64.5,10.2,42.8125,0.0
1030,2023-10-28,59.35833333333333,119.2,10.5,85.58333333333333,0.0
1031,2023-10-29,74.72083333333333,115.3,51.8,106.96666666666665,0.0
1032,2023-10-30,23.05,56.9,11.7,33.09166666666667,0.0
1033,2023-10-31,19.308333333333334,31.2,6.9,27.8125,0.0
1034,2023-11-01,29.670833333333334,50.3,12.3,43.99166666666667,0.0
1035,2023-11-02,53.46666666666667,98.7,23.4,77.89999999999999,0.0
1036,2023-11-03,52.42083333333333,73.3,29.2,75.2,0.0
1037,2023-11-04,54.85,75.9,43.5,78.60000000000001,0.0
1038,2023-11-05,72.89583333333333,134.1,32.1,104.50833333333333,0.0
1039,2023-11-06,51.458333333333336,108.5,14.8,73.67083333333333,0.0
1040,2023-11-07,40.75833333333333,68.2,17.8,58.333333333333336,0.0
1041,2023-11-08,67.37083333333334,99.7,29.6,96.4875,0.0
1042,2023-11-09,36.32083333333333,59.5,21.7,52.208333333333336,0.0
1043,2023-11-10,32.725,43.9,27.2,46.84583333333333,0.0
1044,2023-11-11,43.28333333333333,62.6,26.8,62.10833333333333,0.0
1045,2023-11-12,36.75,50.3,24.2,52.925000000000004,0.0
1046,2023-11-13,29.887500000000003,49.5,14.4,43.050000000000004,0.0
1047,2023-11-14,19.224999999999998,32.2,5.0,27.849999999999998,0.0
1048,2023-11-15,26.829166666666666,36.9,20.1,38.675000000000004,0.0
1049,2023-11-16,20.775000000000002,30.3,9.6,30.058333333333334,0.0
1050,2023-11-17,15.1875,27.8,4.4,22.254166666666666,0.0
1051,2023-11-18,20.708333333333332,32.8,10.3,31.204166666666666,0.2916666666666667
1052,2023-11-19,24.370833333333334,33.4,15.9,37.4375,0.25
1053,2023-11-20,31.333333333333332,43.1,16.7,46.9,0.0
1054,2023-11-21,34.90416666666667,46.6,19.4,52.17083333333334,0.0
1055,2023-11-22,43.44583333333333,60.1,24.2,64.05,0.0
1056,2023-11-23,40.074999999999996,51.0,25.7,58.612500000000004,0.0
1057,2023-11-24,24.72083333333333,38.3,18.9,36.22083333333333,0.0
1058,2023-11-25,24.5,38.1,13.2,36.5,0.0
1059,2023-11-26,30.329166666666666,43.7,20.0,45.895833333333336,0.0
1060,2023-11-27,16.150000000000002,24.5,8.9,23.90833333333333,0.0
1061,2023-11-28,23.650000000000002,34.3,8.9,36.13333333333333,0.4166666666666667
1062,2023-11-29,32.92916666666667,46.1,23.7,49.6,0.0
1063,2023-11-30,32.82083333333333,44.2,24.1,48.71666666666667,0.0
1064,2023-12-01,21.7625,32.8,9.2,31.7,0.0
1065,2023-12-02,17.804166666666667,29.5,6.8,25.53333333333333,0.0
1066,2023-12-03,18.804166666666667,31.2,6.4,27.266666666666666,0.0
1067,2023-12-04,17.883333333333333,31.0,6.2,25.995833333333334,0.0
1068,2023-12-05,38.1625,67.3,20.3,55.020833333333336,0.0
1069,2023-12-06,44.57083333333333,91.7,26.1,64.175,0.0
1070,2023-12-07,18.295833333333334,25.3,7.3,26.395833333333332,0.0
1071,2023-12-08,31.208333333333332,51.8,15.6,45.012499999999996,0.0
1072,2023-12-09,57.55833333333334,104.1,25.9,82.62083333333332,0.0
1073,2023-12-10,96.9875,136.4,71.5,138.75,0.0
1074,2023-12-11,101.87916666666666,169.5,53.4,145.89166666666668,0.0
1075,2023-12-12,79.09166666666667,123.9,39.5,113.17916666666667,0.0
1076,2023-12-13,34.012499999999996,48.2,17.8,49.012499999999996,0.0
1077,2023-12-14,25.912499999999998,40.3,9.2,40.354166666666664,0.0
1078,2023-12-15,57.541666666666664,109.2,30.7,56.50833333333333,0.0
1079,2023-12-16,47.44166666666666,58.3,37.3,68.77916666666667,0.0
1080,2023-12-17,19.825,31.8,12.7,29.09583333333333,0.0
1081,2023-12-18,21.587500000000002,43.2,8.1,31.224999999999998,0.0
1082,2023-12-19,23.420833333333334,30.3,13.5,33.75416666666667,0.0
1083,2023-12-20,20.016666666666666,31.8,10.6,29.025000000000002,0.0
1084,2023-12-21,13.808333333333332,27.2,6.5,20.037499999999998,0.0
1085,2023-12-22,14.116666666666667,23.6,8.5,20.829166666666666,0.0
1086,2023-12-23,20.337500000000002,33.2,12.3,30.070833333333336,0.0
1087,2023-12-24,22.849999999999998,29.0,16.3,34.175000000000004,0.0
1088,2023-12-25,26.291666666666668,43.5,12.3,39.525,0.0
1089,2023-12-26,31.695833333333336,40.9,26.1,47.225,0.0
1090,2023-12-27,26.995833333333334,39.1,12.0,39.5375,0.0
1091,2023-12-28,28.8625,44.5,14.3,41.72083333333333,0.0
1092,2023-12-29,30.870833333333334,53.2,12.8,44.375,0.0
1093,2023-12-30,51.104166666666664,86.4,21.8,73.4375,0.0
1094,2023-12-31,63.93333333333334,128.5,13.8,91.54583333333333,0.0
1095,2024-01-01,64.64166666666667,116.2,21.7,92.50833333333333,0.0
1096,2024-01-02,98.65416666666665,160.2,63.8,141.42083333333332,0.0
1097,2024-01-03,35.579166666666666,54.4,20.0,51.30833333333334,0.0
1098,2024-01-04,28.587500000000002,50.5,14.6,41.3125,0.0
1099,2024-01-05,42.6,76.6,16.5,61.541666666666664,0.0
1100,2024-01-06,50.895833333333336,89.4,22.8,72.99583333333332,0.0
1101,2024-01-07,54.375,79.6,26.0,78.68333333333334,0.0
1102,2024-01-08,65.88333333333334,124.8,21.7,94.59583333333335,0.0
1103,2024-01-09,117.41250000000001,188.6,83.8,168.375,0.0
1104,2024-01-10,99.05416666666667,174.2,20.0,142.13750000000002,0.0
1105,2024-01-11,23.8,43.0,15.0,35.74583333333333,0.0
1106,2024-01-12,19.75,31.7,12.0,30.1875,0.0
1107,2024-01-13,30.55,75.7,8.4,44.99583333333334,0.0
1108,2024-01-14,41.795833333333334,67.5,20.2,61.324999999999996,0.0
1109,2024-01-15,26.670833333333334,35.3,20.1,39.137499999999996,0.0
1110,2024-01-16,28.96666666666667,44.1,18.3,42.12083333333333,0.0
1111,2024-01-17,33.516666666666666,59.6,17.1,48.72083333333333,0.0
1112,2024-01-18,60.0375,97.1,35.9,87.05833333333334,0.0
1113,2024-01-19,110.22500000000001,185.8,65.7,158.06666666666666,0.0
1114,2024-01-20,119.52499999999999,179.3,75.0,171.02083333333334,0.0
1115,2024-01-21,44.175000000000004,66.8,17.3,63.62083333333334,0.0
1116,2024-01-22,46.104166666666664,72.2,16.9,66.85000000000001,0.0
1117,2024-01-23,45.791666666666664,61.5,24.5,66.84166666666667,0.0
1118,2024-01-24,34.8375,59.3,18.3,50.47083333333333,0.0
1119,2024-01-25,26.870833333333334,48.3,17.3,38.88333333333333,0.0
1120,2024-01-26,37.32083333333333,70.3,14.5,53.90416666666667,0.0
1121,2024-01-27,42.987500000000004,75.4,19.8,61.92916666666667,0.0
1122,2024-01-28,43.32916666666667,84.8,22.1,62.72083333333333,0.0
1123,2024-01-29,48.0875,71.5,29.5,69.71666666666667,0.0
1124,2024-01-30,94.42916666666667,176.0,57.3,136.20000000000002,0.0
1125,2024-01-31,65.7,106.9,39.6,95.33333333333333,0.0
1126,2024-02-01,32.02916666666667,55.5,9.5,48.104166666666664,0.0
1127,2024-02-02,14.725000000000001,23.1,9.3,23.554166666666664,0.0
1128,2024-02-03,18.491666666666667,27.1,10.9,29.150000000000002,0.0
1129,2024-02-04,22.420833333333334,30.3,14.0,34.079166666666666,0.0
1130,2024-02-05,24.508333333333336,34.5,13.3,37.395833333333336,0.0
1131,2024-02-06,31.083333333333332,65.2,15.5,46.541666666666664,0.0
1132,2024-02-07,17.8125,22.9,11.6,27.870833333333334,0.0
1133,2024-02-08,18.6,29.5,13.4,29.0,0.08333333333333333
1134,2024-02-09,14.583333333333334,17.8,11.5,23.825,0.0
1135,2024-02-10,28.28333333333333,50.9,11.3,42.15833333333333,0.0
1136,2024-02-11,31.620833333333334,47.7,17.6,45.90833333333333,0.0
1137,2024-02-12,34.90416666666667,59.4,14.3,50.92083333333333,0.375
1138,2024-02-13,41.3125,71.5,19.2,59.64166666666667,0.08333333333333333
1139,2024-02-14,83.27916666666667,154.1,40.0,119.92083333333333,0.25
1140,2024-02-15,78.24166666666666,157.9,28.7,113.78750000000001,0.0
1141,2024-02-16,30.004166666666666,59.4,11.5,45.75833333333333,0.0
1142,2024-02-17,21.995833333333334,33.5,11.7,34.4,0.0
1143,2024-02-18,13.866666666666667,18.0,10.3,23.545833333333334,0.0
1144,2024-02-19,10.279166666666667,12.6,8.8,17.433333333333334,0.0
1145,2024-02-20,12.045833333333334,17.4,6.8,19.7625,0.0
1146,2024-02-21,12.174999999999999,14.6,8.2,19.958333333333332,0.0
1147,2024-02-22,12.012500000000001,17.1,8.2,20.4375,0.0
1148,2024-02-23,11.941666666666668,18.6,7.4,19.854166666666668,0.0
1149,2024-02-24,13.4625,20.3,8.2,22.2625,0.0
1150,2024-02-25,15.770833333333334,25.0,9.7,25.520833333333332,0.0
1151,2024-02-26,27.045833333333334,70.1,9.2,41.9,0.0
1152,2024-02-27,34.233333333333334,69.2,15.5,52.80416666666667,0.5
1153,2024-02-28,17.675,25.4,10.3,28.78333333333333,0.625
1154,2024-02-29,13.775,18.2,9.7,23.0125,0.0
1155,2024-03-01,27.008333333333336,59.0,10.3,42.24166666666667,0.0
1156,2024-03-02,19.983333333333334,32.6,12.4,31.883333333333336,0.0
1157,2024-03-03,31.150000000000002,69.6,11.4,48.77916666666667,0.0
1158,2024-03-04,17.295833333333334,24.0,11.2,28.241666666666664,0.0
1159,2024-03-05,21.208333333333332,34.8,11.7,33.84583333333333,0.375
1160,2024-03-06,20.025000000000002,26.6,14.1,32.1875,0.75
1161,2024-03-07,26.229166666666668,41.8,12.3,41.358333333333334,1.7916666666666667
1162,2024-03-08,19.641666666666666,23.0,12.6,32.229166666666664,1.375
1163,2024-03-09,19.004166666666666,23.6,11.2,32.55416666666667,0.0
1164,2024-03-10,19.920833333333334,29.9,12.5,33.608333333333334,0.125
1165,2024-03-11,24.816666666666666,32.2,18.6,39.4375,0.0
1166,2024-03-12,26.179166666666664,37.3,19.0,41.18333333333333,0.0
1167,2024-03-13,20.266666666666666,23.7,14.6,32.62916666666667,1.0
1168,2024-03-14,16.091666666666665,20.4,13.8,25.991666666666664,0.16666666666666666
1169,2024-03-15,16.537499999999998,20.5,12.1,27.525000000000002,1.0
1170,2024-03-16,14.595833333333333,18.1,12.3,24.108333333333334,0.0
1171,2024-03-17,16.8875,22.4,13.3,27.895833333333332,0.875
1172,2024-03-18,18.966666666666665,23.5,15.5,30.974999999999998,0.7916666666666666
1173,2024-03-19,18.400000000000002,24.9,15.1,30.8125,0.5416666666666666
1174,2024-03-20,35.62916666666667,57.9,15.8,53.07916666666667,0.375
1175,2024-03-21,57.925000000000004,98.5,29.2,83.74166666666666,0.0
1176,2024-03-22,52.44166666666666,75.0,12.8,76.69583333333334,0.0
1177,2024-03-23,15.479166666666666,20.4,11.1,24.666666666666668,0.0
1178,2024-03-24,17.025,23.3,12.2,27.441666666666666,0.5
1179,2024-03-25,17.537499999999998,25.1,12.9,28.895833333333332,0.75
1180,2024-03-26,14.470833333333333,22.4,9.1,24.004166666666666,0.0
1181,2024-03-27,18.345833333333335,34.0,8.5,29.425,0.0
1182,2024-03-28,17.208333333333332,24.7,11.8,28.304166666666664,0.375
1183,2024-03-29,15.075000000000001,18.3,11.2,25.47083333333333,0.5416666666666666
1184,2024-03-30,11.65,16.6,8.7,19.833333333333332,0.0
1185,2024-03-31,12.854166666666666,18.9,8.3,21.120833333333334,0.0
1186,2024-04-01,27.395833333333332,45.3,11.0,45.43333333333334,7.666666666666667
1187,2024-04-02,18.900000000000002,28.1,11.4,32.74583333333333,5.916666666666667
1188,2024-04-03,16.275000000000002,23.7,8.1,28.5,4.875
1189,2024-04-04,19.941666666666666,28.7,7.5,34.512499999999996,4.791666666666667
1190,2024-04-05,22.516666666666666,30.9,18.5,38.74166666666667,3.625
1191,2024-04-06,25.8625,33.3,14.4,43.94583333333333,3.0416666666666665
1192,2024-04-07,14.016666666666666,16.6,9.2,23.295833333333334,0.125
1193,2024-04-08,16.208333333333332,27.0,3.3,26.491666666666664,0.25
1194,2024-04-09,10.616666666666667,17.3,3.1,17.354166666666668,0.0
1195,2024-04-10,22.53333333333333,48.7,5.8,34.50833333333333,0.08333333333333333
1196,2024-04-11,58.92083333333333,143.0,17.5,87.78333333333335,0.625
1197,2024-04-12,22.008333333333336,27.4,14.7,36.545833333333334,1.0
1198,2024-04-13,19.433333333333334,29.6,13.5,32.97083333333333,1.0
1199,2024-04-14,16.220833333333335,18.7,12.1,28.0,1.125
1200,2024-04-15,18.108333333333334,20.0,14.1,31.116666666666664,1.0
1201,2024-04-16,17.783333333333335,21.9,14.9,30.108333333333334,1.0
1202,2024-04-17,16.05,23.3,10.5,26.420833333333334,0.9583333333333334
1203,2024-04-18,19.183333333333334,28.7,12.2,30.450000000000003,0.375
1204,2024-04-19,23.829166666666666,32.6,12.6,38.4,1.75
1205,2024-04-20,32.07083333333333,55.3,15.7,52.61666666666667,7.458333333333333
1206,2024-04-21,38.5875,72.9,15.5,62.979166666666664,11.125
1207,2024-04-22,21.108333333333334,32.1,13.0,36.3375,7.375
1208,2024-04-23,17.583333333333332,26.5,8.5,30.633333333333336,7.0
1209,2024-04-24,12.345833333333333,22.6,3.6,20.7625,2.7083333333333335
1210,2024-04-25,7.366666666666667,13.5,3.4,12.504166666666668,0.3333333333333333
1211,2024-04-26,8.4375,16.7,3.1,13.862499999999999,0.0
1212,2024-04-27,15.225,23.8,5.5,24.108333333333334,0.25
1213,2024-04-28,11.145833333333334,19.5,4.2,17.7,0.25
1214,2024-04-29,12.079166666666666,21.0,4.6,19.466666666666665,0.6666666666666666
1215,2024-04-30,20.854166666666668,39.8,5.0,34.225,4.166666666666667
1216,2024-05-01,28.241666666666664,38.5,9.0,45.34583333333333,2.5833333333333335
1217,2024-05-02,28.575,35.9,23.9,46.854166666666664,3.2083333333333335
1218,2024-05-03,24.72083333333333,34.6,17.1,40.145833333333336,2.7916666666666665
1219,2024-05-04,18.6875,23.6,13.6,29.77916666666667,1.0833333333333333
1220,2024-05-05,23.804166666666664,35.4,17.8,37.300000000000004,1.0
1221,2024-05-06,19.083333333333332,23.6,12.3,31.616666666666664,0.75
1222,2024-05-07,13.075000000000001,18.3,7.8,20.695833333333333,0.08333333333333333
1223,2024-05-08,50.324999999999996,135.5,9.8,72.77083333333333,0.0
1224,2024-05-09,13.775,21.5,7.4,21.229166666666668,0.0
1225,2024-05-10,16.087500000000002,27.6,9.5,25.8875,0.0
1226,2024-05-11,25.633333333333336,47.7,13.2,40.06666666666667,0.0
1227,2024-05-12,61.666666666666664,139.7,19.5,90.24166666666667,0.125
1228,2024-05-13,16.1875,21.5,12.3,26.979166666666668,0.625
1229,2024-05-14,55.98333333333333,123.4,12.0,80.97916666666667,0.0
1230,2024-05-15,53.20416666666667,80.8,11.3,76.58749999999999,0.0
1231,2024-05-16,16.316666666666666,25.2,9.6,26.295833333333334,0.0
1232,2024-05-17,11.5,14.7,8.2,19.020833333333332,0.0
1233,2024-05-18,8.362499999999999,10.3,6.8,13.641666666666666,0.0
1234,2024-05-19,13.179166666666667,17.1,7.6,19.820833333333333,0.0
1235,2024-05-20,15.354166666666666,21.6,11.9,22.5625,0.0
1236,2024-05-21,17.208333333333332,40.5,8.3,24.883333333333336,0.0
1237,2024-05-22,10.791666666666666,21.7,6.2,15.716666666666667,0.0
1238,2024-05-23,6.733333333333333,8.0,5.8,10.4125,0.0
1239,2024-05-24,7.691666666666666,9.8,4.7,12.445833333333333,0.375
1240,2024-05-25,9.245833333333334,12.3,7.0,14.654166666666667,0.75
1241,2024-05-26,10.433333333333334,13.2,7.6,17.25,1.2083333333333333
1242,2024-05-27,11.575000000000001,16.2,8.5,18.654166666666665,1.7083333333333333
1243,2024-05-28,13.254166666666668,21.4,8.1,21.329166666666666,2.5416666666666665
1244,2024-05-29,12.808333333333332,18.0,9.4,20.150000000000002,2.2083333333333335
1245,2024-05-30,10.1,13.7,7.6,15.612499999999999,1.2083333333333333
1246,2024-05-31,7.195833333333333,11.8,3.6,10.729166666666666,0.25
1247,2024-06-01,4.641666666666667,8.3,2.0,6.75,0.0
1248,2024-06-02,9.262500000000001,15.9,3.2,14.854166666666666,3.25
1249,2024-06-03,13.516666666666666,15.4,10.9,22.400000000000002,6.166666666666667
1250,2024-06-04,14.879166666666668,21.9,11.2,23.775000000000002,4.833333333333333
1251,2024-06-05,9.7875,12.6,7.7,15.595833333333333,3.0
1252,2024-06-06,8.004166666666666,12.5,2.8,12.229166666666666,1.375
1253,2024-06-07,7.7124999999999995,12.4,3.3,11.916666666666666,2.25
1254,2024-06-08,6.016666666666667,10.5,2.6,8.862499999999999,1.0833333333333333
1255,2024-06-09,5.116666666666666,6.8,2.4,7.4750000000000005,0.5416666666666666
1256,2024-06-10,2.8958333333333335,4.6,0.8,4.175,0.0
1257,2024-06-11,3.6833333333333336,6.6,1.3,5.295833333333333,0.0
1258,2024-06-12,6.170833333333333,10.1,2.0,9.266666666666667,0.875
1259,2024-06-13,11.104166666666666,18.5,4.8,16.766666666666666,1.4166666666666667
1260,2024-06-14,11.166666666666666,17.1,6.0,17.162499999999998,2.0
1261,2024-06-15,16.279166666666665,31.9,8.3,24.704166666666666,1.0
1262,2024-06-16,20.304166666666667,50.3,8.2,31.066666666666666,2.3333333333333335
1263,2024-06-17,13.754166666666668,18.2,8.4,21.675,3.5833333333333335
1264,2024-06-18,12.429166666666667,16.8,9.0,18.916666666666668,1.5
1265,2024-06-19,16.245833333333334,26.3,10.0,24.129166666666666,1.2083333333333333
1266,2024-06-20,10.200000000000001,22.6,2.9,15.049999999999999,0.625
1267,2024-06-21,6.458333333333333,12.6,2.8,9.483333333333333,0.08333333333333333
1268,2024-06-22,4.404166666666667,7.0,2.3,6.341666666666666,0.0
1269,2024-06-23,3.841666666666667,7.3,1.2,5.558333333333334,0.5833333333333334
1270,2024-06-24,3.3125,5.4,1.4,4.833333333333333,0.125
1271,2024-06-25,3.5,6.0,1.5,5.204166666666667,0.125
1272,2024-06-26,4.4125000000000005,6.9,1.8,6.858333333333333,0.625
1273,2024-06-27,12.483333333333334,18.3,6.1,23.3875,11.75
1274,2024-06-28,17.133333333333333,29.5,11.8,27.525000000000002,5.625
1275,2024-06-29,9.504166666666666,12.4,6.0,15.1625,1.75
1276,2024-06-30,9.879166666666666,13.8,7.7,14.6,1.4583333333333333
1277,2024-07-01,12.658333333333333,19.0,6.3,18.3875,0.125
1278,2024-07-02,21.633333333333336,37.7,10.1,32.625,3.3333333333333335
1279,2024-07-03,16.0625,25.1,10.9,26.40833333333333,7.25
1280,2024-07-04,13.674999999999999,16.6,11.1,23.504166666666666,10.791666666666666
1281,2024-07-05,6.670833333333333,10.1,3.9,9.6875,0.8333333333333334
1282,2024-07-06,15.754166666666668,30.6,8.6,23.349999999999998,2.4583333333333335
1283,2024-07-07,17.170833333333334,29.1,9.1,26.629166666666666,6.5
1284,2024-07-08,13.958333333333334,30.4,7.2,21.279166666666665,3.0833333333333335
1285,2024-07-09,16.4375,32.4,8.0,25.041666666666668,3.5833333333333335
1286,2024-07-10,13.458333333333334,17.9,10.7,21.7,7.791666666666667
1287,2024-07-11,10.595833333333333,16.1,5.2,15.458333333333334,2.0833333333333335
1288,2024-07-12,6.887499999999999,11.6,3.1,10.758333333333333,2.375
1289,2024-07-13,5.825,11.3,2.5,8.766666666666667,1.9583333333333333
1290,2024-07-14,6.425,9.9,2.2,9.920833333333333,2.125
1291,2024-07-15,8.866666666666667,13.6,4.8,13.504166666666665,2.125
1292,2024-07-16,8.112499999999999,11.2,5.5,12.15,1.5833333333333333
1293,2024-07-17,6.945833333333333,12.1,3.2,10.033333333333333,0.4166666666666667
1294,2024-07-18,5.179166666666666,7.8,2.5,7.491666666666667,0.16666666666666666
1295,2024-07-19,5.120833333333334,7.3,2.9,7.608333333333333,0.6666666666666666
1296,2024-07-20,4.6375,8.5,1.3,6.7749999999999995,0.3333333333333333
1297,2024-07-21,9.454166666666667,29.9,3.8,15.179166666666667,4.125
1298,2024-07-22,18.354166666666668,32.4,10.9,29.599999999999998,8.291666666666666
1299,2024-07-23,9.058333333333334,17.9,4.9,15.975,8.0
1300,2024-07-24,4.079166666666667,7.3,1.1,5.995833333333334,0.375
1301,2024-07-25,3.779166666666667,6.1,1.8,5.520833333333333,0.20833333333333334
1302,2024-07-26,4.345833333333333,6.5,2.2,6.7,1.5
1303,2024-07-27,4.7625,9.2,1.8,7.095833333333334,0.875
1304,2024-07-28,4.695833333333334,5.7,3.3,7.233333333333333,1.4166666666666667
1305,2024-07-29,3.2583333333333333,5.5,1.0,4.941666666666666,0.625
1306,2024-07-30,5.383333333333333,12.3,1.5,8.525,1.875
1307,2024-07-31,6.3500000000000005,11.6,3.4,10.2875,2.75
1308,2024-08-01,7.341666666666666,11.0,4.8,11.720833333333333,2.75
1309,2024-08-02,8.970833333333333,11.3,6.3,13.666666666666666,2.5416666666666665
1310,2024-08-03,13.733333333333334,23.4,8.4,20.683333333333334,3.125
1311,2024-08-04,11.737499999999999,19.2,7.3,17.099999999999998,1.5833333333333333
1312,2024-08-05,9.700000000000001,14.4,6.2,14.441666666666668,1.5833333333333333
1313,2024-08-06,12.737499999999999,25.2,7.7,18.758333333333333,1.5416666666666667
1314,2024-08-07,11.008333333333333,18.5,7.1,16.066666666666666,1.3333333333333333
1315,2024-08-08,15.958333333333334,25.8,9.3,23.541666666666668,1.75
1316,2024-08-09,18.349999999999998,32.4,9.0,26.8125,2.0
1317,2024-08-10,13.695833333333333,26.4,6.9,19.875,0.9166666666666666
1318,2024-08-11,10.5625,16.2,6.8,15.933333333333332,1.6666666666666667
1319,2024-08-12,9.854166666666666,12.7,7.8,14.845833333333333,1.4166666666666667
1320,2024-08-13,10.091666666666667,16.7,5.8,14.8125,0.6666666666666666
1321,2024-08-14,14.229166666666666,25.6,8.3,20.870833333333334,0.6666666666666666
1322,2024-08-15,11.125,19.7,5.0,16.145833333333332,0.0
1323,2024-08-16,12.8375,22.7,7.6,18.650000000000002,0.0
1324,2024-08-17,10.720833333333333,19.1,7.6,15.725,0.0
1325,2024-08-18,12.4375,23.1,7.9,18.229166666666668,0.0
1326,2024-08-19,13.858333333333334,27.1,5.7,20.212500000000002,0.0
1327,2024-08-20,20.658333333333335,52.9,6.8,29.758333333333336,0.0
1328,2024-08-21,18.641666666666666,27.8,11.7,26.820833333333336,0.0
1329,2024-08-22,15.795833333333334,27.5,8.4,22.416666666666668,0.0
1330,2024-08-23,24.704166666666666,47.1,11.8,34.84166666666667,0.0
1331,2024-08-24,17.016666666666666,36.0,8.1,24.412499999999998,0.0
1332,2024-08-25,13.5625,20.0,9.5,20.066666666666666,0.4166666666666667
1333,2024-08-26,15.558333333333332,26.0,9.7,22.683333333333334,0.0
1334,2024-08-27,18.041666666666668,40.0,9.0,26.416666666666668,0.4583333333333333
1335,2024-08-28,9.729166666666666,17.8,4.1,13.887500000000001,0.0
1336,2024-08-29,4.991666666666666,7.1,3.8,7.2875000000000005,0.0
1337,2024-08-30,6.1000000000000005,10.5,2.1,8.958333333333334,0.0
1338,2024-08-31,8.8375,15.2,5.2,13.195833333333333,0.0
1339,2024-09-01,9.795833333333333,16.7,4.6,14.325000000000001,0.20833333333333334
1340,2024-09-02,16.954166666666666,36.2,7.5,24.53333333333333,0.7916666666666666
1341,2024-09-03,12.433333333333332,18.4,4.5,17.808333333333334,0.3333333333333333
1342,2024-09-04,5.866666666666667,9.6,2.8,8.520833333333334,0.0
1343,2024-09-05,6.854166666666667,10.9,3.6,10.133333333333335,0.625
1344,2024-09-06,10.8375,18.3,6.6,16.745833333333334,2.375
1345,2024-09-07,6.3125,10.8,4.0,9.887500000000001,1.2916666666666667
1346,2024-09-08,5.3999999999999995,9.5,2.7,8.741666666666667,2.0
1347,2024-09-09,7.608333333333333,14.2,2.7,13.508333333333333,6.208333333333333
1348,2024-09-10,10.15,18.9,5.5,16.866666666666667,5.458333333333333
1349,2024-09-11,10.591666666666667,18.6,5.7,16.466666666666665,2.9166666666666665
1350,2024-09-12,15.995833333333332,24.0,9.2,23.883333333333336,1.9166666666666667
1351,2024-09-13,13.4,25.1,9.8,19.879166666666666,1.7916666666666667
1352,2024-09-14,11.066666666666668,20.1,7.1,16.270833333333332,1.0416666666666667
1353,2024-09-15,11.633333333333333,17.1,6.2,17.979166666666668,2.4583333333333335
1354,2024-09-16,16.145833333333332,23.2,10.2,27.858333333333334,11.333333333333334
1355,2024-09-17,16.541666666666668,22.4,11.7,26.083333333333332,6.375
1356,2024-09-18,17.908333333333335,27.6,11.5,26.379166666666666,2.5
1357,2024-09-19,30.97083333333333,78.0,11.4,44.550000000000004,0.0
1358,2024-09-20,14.129166666666668,25.3,6.8,20.395833333333332,0.0
1359,2024-09-21,7.604166666666667,13.7,4.4,10.987499999999999,0.20833333333333334
1360,2024-09-22,5.595833333333334,8.1,3.3,8.333333333333334,0.875
1361,2024-09-23,8.825000000000001,14.7,5.5,15.329166666666666,4.5
1362,2024-09-24,8.4125,12.2,7.3,13.049999999999999,1.25
1363,2024-09-25,50.25,96.6,8.1,72.35416666666667,0.4166666666666667
1364,2024-09-26,79.99583333333334,155.5,41.1,114.77499999999999,0.25
1365,2024-09-27,89.3875,155.5,49.8,128.57083333333333,0.0
1366,2024-09-28,24.983333333333334,58.2,10.2,36.9875,0.0
1367,2024-09-29,14.604166666666666,18.6,9.4,22.391666666666666,0.0
1368,2024-09-30,17.283333333333335,25.0,9.7,25.145833333333332,0.4583333333333333
1369,2024-10-01,9.995833333333334,19.5,5.0,14.554166666666667,0.0
1370,2024-10-02,10.820833333333333,19.9,5.7,15.891666666666666,0.0
1371,2024-10-03,13.745833333333332,21.0,10.1,20.429166666666667,0.0
1372,2024-10-04,16.2375,28.0,6.4,23.349999999999998,0.0
1373,2024-10-05,33.170833333333334,58.1,15.5,48.3375,0.0
1374,2024-10-06,53.77916666666667,84.3,30.9,78.93333333333334,0.0
1375,2024-10-07,38.31666666666667,54.0,25.3,58.37083333333334,0.0
1376,2024-10-08,43.31666666666666,56.0,29.1,63.36666666666667,0.0
1377,2024-10-09,47.012499999999996,85.9,20.1,68.1375,0.0
1378,2024-10-10,62.34583333333333,99.9,45.6,90.29166666666667,0.0
1379,2024-10-11,59.65416666666667,97.1,35.6,86.01666666666667,0.0
1380,2024-10-12,54.5625,71.9,34.9,79.05,0.0
1381,2024-10-13,45.50833333333333,66.1,27.6,65.84583333333333,0.0
1382,2024-10-14,57.77916666666667,91.3,27.6,83.24583333333334,0.0
1383,2024-10-15,111.15416666666665,187.7,66.8,159.38333333333333,0.0
1384,2024-10-16,75.38333333333334,118.7,31.7,108.0125,0.0
1385,2024-10-17,106.8,164.4,44.0,152.9,0.0
1386,2024-10-18,72.25416666666666,109.7,41.0,103.45833333333333,0.0
1387,2024-10-19,25.1125,36.2,16.1,35.895833333333336,0.0
1388,2024-10-20,14.166666666666666,21.4,8.7,20.787499999999998,0.0
1389,2024-10-21,26.854166666666668,59.5,12.2,39.141666666666666,0.125
1390,2024-10-22,70.03750000000001,112.2,36.8,100.45833333333333,0.0
1391,2024-10-23,41.49166666666667,75.7,8.4,60.09166666666667,0.0
1392,2024-10-24,60.291666666666664,95.0,34.1,87.2375,0.0
1393,2024-10-25,32.800000000000004,54.6,10.8,47.324999999999996,0.0
1394,2024-10-26,21.099999999999998,31.2,7.4,30.508333333333336,0.0
1395,2024-10-27,12.979166666666666,24.6,6.4,19.0125,0.0
1396,2024-10-28,36.94583333333333,77.5,12.1,52.958333333333336,0.0
1397,2024-10-29,70.2375,110.1,15.2,100.47083333333335,0.0
1398,2024-10-30,87.44166666666666,122.9,41.8,125.08749999999999,0.0
1399,2024-10-31,34.262499999999996,53.2,15.2,49.0375,0.0
1400,2024-11-01,37.47083333333333,65.2,15.8,53.74166666666667,0.0
1401,2024-11-02,43.95416666666667,57.2,28.9,64.1375,0.0
1402,2024-11-03,31.9375,44.6,21.1,49.333333333333336,0.0
1403,2024-11-04,26.995833333333334,33.2,18.5,40.13333333333333,0.0
1404,2024-11-05,18.033333333333335,23.7,14.6,26.095833333333335,0.0
1405,2024-11-06,20.354166666666668,37.8,13.2,29.858333333333334,0.0
1406,2024-11-07,24.445833333333336,33.3,18.7,36.62083333333333,0.0
1407,2024-11-08,29.758333333333336,43.3,18.6,45.09583333333333,0.0
1408,2024-11-09,38.887499999999996,61.2,21.5,57.24166666666667,0.0
1409,2024-11-10,39.199999999999996,52.7,24.6,57.487500000000004,0.0
1410,2024-11-11,38.99583333333333,58.8,19.3,56.28333333333333,0.0
1411,2024-11-12,40.24166666666667,73.8,18.1,51.8375,0.0
1412,2024-11-13,49.76666666666667,66.6,40.6,50.14166666666667,0.3333333333333333
1413,2024-11-14,43.7875,59.4,32.8,44.15833333333333,0.4583333333333333
1414,2024-11-15,28.929166666666664,39.1,20.2,28.974999999999998,0.0
1415,2024-11-16,32.24166666666667,43.1,7.1,32.31666666666667,0.0
1416,2024-11-17,30.78333333333333,41.1,7.1,30.891666666666666,0.0
1417,2024-11-18,36.22083333333333,50.8,26.9,36.49583333333333,0.25
1418,2024-11-19,26.95,48.4,16.9,27.195833333333336,0.0
1419,2024-11-20,21.741666666666664,33.1,17.5,21.954166666666666,0.0
1420,2024-11-21,19.995833333333334,26.8,14.1,20.2875,0.0
1421,2024-11-22,19.541666666666668,25.7,13.6,19.75,0.0
1422,2024-11-23,17.441666666666666,25.5,9.5,17.683333333333334,0.0
1423,2024-11-24,18.970833333333335,33.9,11.9,19.170833333333334,0.0
1424,2024-11-25,20.883333333333333,30.0,11.7,21.3,0.0
1425,2024-11-26,20.141666666666666,36.9,11.3,20.570833333333333,0.0
1426,2024-11-27,19.858333333333334,35.5,13.6,20.395833333333332,0.0
1427,2024-11-28,14.758333333333333,21.0,8.7,15.033333333333333,0.0
1428,2024-11-29,18.0125,21.4,12.3,18.224999999999998,0.0
1429,2024-11-30,24.254166666666666,35.5,14.8,24.412499999999998,0.0
1430,2024-12-01,31.854166666666668,52.6,18.2,31.912499999999998,0.0
1431,2024-12-02,42.637499999999996,58.8,31.4,42.7875,0.0
1432,2024-12-03,40.24583333333333,60.5,19.3,40.5,0.08333333333333333
1433,2024-12-04,31.458333333333332,51.9,14.5,31.6375,0.0
1434,2024-12-05,29.191666666666666,43.9,18.0,29.45,0.0
1435,2024-12-06,28.28333333333333,43.1,17.4,28.462500000000002,0.0
1436,2024-12-07,32.15833333333333,44.4,18.0,32.44583333333333,0.0
1437,2024-12-08,24.008333333333336,40.3,10.1,24.258333333333336,0.0
1438,2024-12-09,25.733333333333334,39.2,15.5,25.866666666666664,0.0
1439,2024-12-10,36.7875,49.5,23.6,36.9,0.0
1440,2024-12-11,29.212500000000002,47.7,14.9,29.275000000000002,0.0
1441,2024-12-12,17.479166666666668,28.9,12.1,17.608333333333334,0.0
1442,2024-12-13,18.279166666666665,28.9,11.9,18.329166666666666,0.0
1443,2024-12-14,17.920833333333334,28.2,9.4,17.962500000000002,0.0
1444,2024-12-15,11.391666666666666,18.7,5.8,11.429166666666667,0.0
1445,2024-12-16,18.254166666666666,27.5,7.4,18.308333333333334,0.0
1446,2024-12-17,22.379166666666666,26.8,15.1,22.4375,0.0
1447,2024-12-18,21.083333333333332,25.4,14.9,21.166666666666668,0.0
1448,2024-12-19,25.2375,34.2,15.1,25.395833333333332,0.0
1449,2024-12-20,28.8125,45.6,17.7,29.1125,0.0
1450,2024-12-21,29.895833333333332,47.3,19.6,30.025000000000002,0.0
1451,2024-12-22,22.920833333333334,31.7,14.9,23.1125,0.0
1452,2024-12-23,31.125,44.9,23.8,31.445833333333336,0.0
1453,2024-12-24,29.233333333333334,39.3,18.2,29.375,0.0
1454,2024-12-25,32.80416666666667,42.3,21.0,32.90416666666667,0.0
1455,2024-12-26,29.979166666666668,41.2,20.1,30.125,0.0
1456,2024-12-27,22.395833333333332,31.5,15.0,22.425,0.0
1457,2024-12-28,14.929166666666667,21.8,7.9,14.966666666666667,0.0
1458,2024-12-29,23.691666666666666,38.0,10.7,23.754166666666666,0.0
1459,2024-12-30,26.866666666666664,43.0,17.9,26.875,0.0
1460,2024-12-31,24.891666666666666,39.5,16.1,25.045833333333334,0.0
1461,2025-01-01,27.733333333333334,40.3,14.8,27.833333333333332,0.0
1462,2025-01-02,29.8625,38.2,21.5,29.895833333333332,0.0
1463,2025-01-03,24.579166666666666,33.2,15.7,24.620833333333334,0.0
1464,2025-01-04,29.087500000000002,35.7,19.3,29.170833333333334,0.0
1465,2025-01-05,28.15833333333333,40.9,17.8,28.441666666666666,0.25
1466,2025-01-06,36.18333333333333,54.1,21.4,36.44166666666667,0.125
1467,2025-01-07,46.487500000000004,71.2,32.1,46.69166666666666,0.0
1468,2025-01-08,50.63333333333333,71.5,30.6,50.75416666666666,0.0
1469,2025-01-09,37.229166666666664,68.7,19.4,37.3375,0.0
1470,2025-01-10,17.5625,26.9,11.4,17.675,0.0
1471,2025-01-11,21.858333333333334,29.7,11.9,22.0,0.0
1472,2025-01-12,26.054166666666664,32.8,16.6,26.3125,0.0
1473,2025-01-13,31.270833333333332,44.5,21.1,31.508333333333336,0.0
1474,2025-01-14,34.637499999999996,52.7,20.4,34.72083333333333,0.0
1475,2025-01-15,28.483333333333334,42.4,18.4,28.612499999999997,0.0
1476,2025-01-16,16.616666666666667,23.3,7.4,16.658333333333335,0.0
1477,2025-01-17,26.941666666666666,39.7,13.4,27.066666666666666,0.0
1478,2025-01-18,34.9625,48.7,21.5,35.00416666666667,0.0
1479,2025-01-19,42.204166666666666,62.4,24.3,42.420833333333334,0.0
1480,2025-01-20,53.21666666666667,97.1,30.5,53.425000000000004,0.0
1481,2025-01-21,65.07916666666667,95.7,43.3,65.37083333333334,0.0
1482,2025-01-22,70.3,110.4,39.1,70.40833333333333,0.0
1483,2025-01-23,82.39583333333333,109.4,60.1,82.52083333333333,0.0
1484,2025-01-24,92.8125,122.0,60.5,92.95416666666667,0.0
1485,2025-01-25,52.87083333333334,87.3,32.5,53.025,0.0
1486,2025-01-26,29.849999999999998,70.3,14.7,30.40833333333333,0.0
1487,2025-01-27,20.508333333333333,32.7,8.1,20.724999999999998,0.0
1488,2025-01-28,31.275000000000002,40.7,17.6,31.537499999999998,0.0
1489,2025-01-29,34.4,56.8,18.3,34.71666666666667,0.0
1490,2025-01-30,47.75833333333333,78.5,31.9,48.020833333333336,0.0
1491,2025-01-31,84.76666666666667,112.7,51.1,85.3,0.375
