,date,rainfall_mm,rainfall_hours,has_rain,heavy_rain
0,2021-01-01,0.0,0.0,0,0
1,2021-01-02,0.0,0.0,0,0
2,2021-01-03,0.0,0.0,0,0
3,2021-01-04,0.0,0.0,0,0
4,2021-01-05,0.0,0.0,0,0
5,2021-01-06,0.0,0.0,0,0
6,2021-01-07,0.0,0.0,0,0
7,2021-01-08,0.0,0.0,0,0
8,2021-01-09,0.0,0.0,0,0
9,2021-01-10,0.0,0.0,0,0
10,2021-01-11,0.0,0.0,0,0
11,2021-01-12,0.0,0.0,0,0
12,2021-01-13,0.0,0.0,0,0
13,2021-01-14,0.0,0.0,0,0
14,2021-01-15,0.0,0.0,0,0
15,2021-01-16,0.0,0.0,0,0
16,2021-01-17,0.1,1.0,1,0
17,2021-01-18,0.0,0.0,0,0
18,2021-01-19,0.0,0.0,0,0
19,2021-01-20,0.0,0.0,0,0
20,2021-01-21,0.0,0.0,0,0
21,2021-01-22,0.0,0.0,0,0
22,2021-01-23,0.0,0.0,0,0
23,2021-01-24,0.0,0.0,0,0
24,2021-01-25,0.3,2.0,1,0
25,2021-01-26,0.2,2.0,1,0
26,2021-01-27,1.1,5.0,1,0
27,2021-01-28,0.5,3.0,1,0
28,2021-01-29,0.0,0.0,0,0
29,2021-01-30,0.0,0.0,0,0
30,2021-01-31,0.0,0.0,0,0
31,2021-02-01,0.0,0.0,0,0
32,2021-02-02,0.0,0.0,0,0
33,2021-02-03,0.0,0.0,0,0
34,2021-02-04,0.0,0.0,0,0
35,2021-02-05,0.0,0.0,0,0
36,2021-02-06,0.0,0.0,0,0
37,2021-02-07,0.0,0.0,0,0
38,2021-02-08,0.3,3.0,1,0
39,2021-02-09,19.3,16.0,1,0
40,2021-02-10,2.3,7.0,1,0
41,2021-02-11,0.0,0.0,0,0
42,2021-02-12,0.0,0.0,0,0
43,2021-02-13,0.0,0.0,0,0
44,2021-02-14,0.1,1.0,1,0
45,2021-02-15,0.6,5.0,1,0
46,2021-02-16,0.4,4.0,1,0
47,2021-02-17,2.9,7.0,1,0
48,2021-02-18,0.5,1.0,1,0
49,2021-02-19,0.0,0.0,0,0
50,2021-02-20,0.0,0.0,0,0
51,2021-02-21,0.0,0.0,0,0
52,2021-02-22,0.0,0.0,0,0
53,2021-02-23,0.0,0.0,0,0
54,2021-02-24,0.0,0.0,0,0
55,2021-02-25,0.0,0.0,0,0
56,2021-02-26,0.0,0.0,0,0
57,2021-02-27,0.0,0.0,0,0
58,2021-02-28,0.0,0.0,0,0
59,2021-03-01,0.0,0.0,0,0
60,2021-03-02,0.8,6.0,1,0
61,2021-03-03,5.3,11.0,1,0
62,2021-03-04,0.8,6.0,1,0
63,2021-03-05,0.7,7.0,1,0
64,2021-03-06,0.0,0.0,0,0
65,2021-03-07,0.0,0.0,0,0
66,2021-03-08,0.6,2.0,1,0
67,2021-03-09,2.5,5.0,1,0
68,2021-03-10,2.1,4.0,1,0
69,2021-03-11,0.7,4.0,1,0
70,2021-03-12,0.5,3.0,1,0
71,2021-03-13,1.3,2.0,1,0
72,2021-03-14,1.1,3.0,1,0
73,2021-03-15,0.2,2.0,1,0
74,2021-03-16,0.1,1.0,1,0
75,2021-03-17,0.5,5.0,1,0
76,2021-03-18,0.2,2.0,1,0
77,2021-03-19,0.2,2.0,1,0
78,2021-03-20,0.2,2.0,1,0
79,2021-03-21,0.0,0.0,0,0
80,2021-03-22,16.5,11.0,1,0
81,2021-03-23,0.0,0.0,0,0
82,2021-03-24,0.1,1.0,1,0
83,2021-03-25,0.4,3.0,1,0
84,2021-03-26,0.3,3.0,1,0
85,2021-03-27,0.0,0.0,0,0
86,2021-03-28,0.0,0.0,0,0
87,2021-03-29,0.0,0.0,0,0
88,2021-03-30,0.1,1.0,1,0
89,2021-03-31,0.1,1.0,1,0
90,2021-04-01,0.0,0.0,0,0
91,2021-04-02,0.0,0.0,0,0
92,2021-04-03,0.2,1.0,1,0
93,2021-04-04,5.2,13.0,1,0
94,2021-04-05,8.7,8.0,1,0
95,2021-04-06,10.0,13.0,1,0
96,2021-04-07,5.2,9.0,1,0
97,2021-04-08,6.0,10.0,1,0
98,2021-04-09,1.0,5.0,1,0
99,2021-04-10,13.0,8.0,1,0
100,2021-04-11,5.4,11.0,1,0
101,2021-04-12,5.3,7.0,1,0
102,2021-04-13,2.9,8.0,1,0
103,2021-04-14,4.9,11.0,1,0
104,2021-04-15,1.7,2.0,1,0
105,2021-04-16,3.5,7.0,1,0
106,2021-04-17,0.4,2.0,1,0
107,2021-04-18,12.8,12.0,1,0
108,2021-04-19,3.2,10.0,1,0
109,2021-04-20,4.5,10.0,1,0
110,2021-04-21,4.9,10.0,1,0
111,2021-04-22,2.3,2.0,1,0
112,2021-04-23,1.6,5.0,1,0
113,2021-04-24,4.6,2.0,1,0
114,2021-04-25,1.7,6.0,1,0
115,2021-04-26,14.3,9.0,1,0
116,2021-04-27,7.1,5.0,1,0
117,2021-04-28,11.5,17.0,1,0
118,2021-04-29,19.8,22.0,1,0
119,2021-04-30,2.7,13.0,1,0
120,2021-05-01,2.3,7.0,1,0
121,2021-05-02,1.9,6.0,1,0
122,2021-05-03,1.6,6.0,1,0
123,2021-05-04,13.9,5.0,1,0
124,2021-05-05,0.0,0.0,0,0
125,2021-05-06,10.8,11.0,1,0
126,2021-05-07,2.8,4.0,1,0
127,2021-05-08,0.8,4.0,1,0
128,2021-05-09,1.2,4.0,1,0
129,2021-05-10,0.2,2.0,1,0
130,2021-05-11,1.5,6.0,1,0
131,2021-05-12,1.9,6.0,1,0
132,2021-05-13,0.2,2.0,1,0
133,2021-05-14,0.0,0.0,0,0
134,2021-05-15,2.1,5.0,1,0
135,2021-05-16,0.6,5.0,1,0
136,2021-05-17,0.6,5.0,1,0
137,2021-05-18,1.5,6.0,1,0
138,2021-05-19,12.6,11.0,1,0
139,2021-05-20,4.5,9.0,1,0
140,2021-05-21,1.7,4.0,1,0
141,2021-05-22,3.6,4.0,1,0
142,2021-05-23,1.3,2.0,1,0
143,2021-05-24,0.2,1.0,1,0
144,2021-05-25,2.4,4.0,1,0
145,2021-05-26,0.0,0.0,0,0
146,2021-05-27,10.3,11.0,1,0
147,2021-05-28,19.2,21.0,1,0
148,2021-05-29,7.6,13.0,1,0
149,2021-05-30,0.8,5.0,1,0
150,2021-05-31,0.2,2.0,1,0
151,2021-06-01,0.2,1.0,1,0
152,2021-06-02,0.0,0.0,0,0
153,2021-06-03,0.0,0.0,0,0
154,2021-06-04,2.4,4.0,1,0
155,2021-06-05,6.6,5.0,1,0
156,2021-06-06,4.6,4.0,1,0
157,2021-06-07,0.3,3.0,1,0
158,2021-06-08,0.3,2.0,1,0
159,2021-06-09,2.2,10.0,1,0
160,2021-06-10,10.6,14.0,1,0
161,2021-06-11,0.8,3.0,1,0
162,2021-06-12,1.4,5.0,1,0
163,2021-06-13,1.6,5.0,1,0
164,2021-06-14,0.8,4.0,1,0
165,2021-06-15,7.7,11.0,1,0
166,2021-06-16,2.0,6.0,1,0
167,2021-06-17,0.4,3.0,1,0
168,2021-06-18,2.9,4.0,1,0
169,2021-06-19,1.1,2.0,1,0
170,2021-06-20,1.3,4.0,1,0
171,2021-06-21,7.6,5.0,1,0
172,2021-06-22,4.1,6.0,1,0
173,2021-06-23,7.1,5.0,1,0
174,2021-06-24,0.5,4.0,1,0
175,2021-06-25,5.6,7.0,1,0
176,2021-06-26,1.1,6.0,1,0
177,2021-06-27,0.3,1.0,1,0
178,2021-06-28,7.6,8.0,1,0
179,2021-06-29,7.4,11.0,1,0
180,2021-06-30,9.4,15.0,1,0
181,2021-07-01,0.8,2.0,1,0
182,2021-07-02,2.4,5.0,1,0
183,2021-07-03,0.2,1.0,1,0
184,2021-07-04,1.0,4.0,1,0
185,2021-07-05,1.9,2.0,1,0
186,2021-07-06,37.4,9.0,1,1
187,2021-07-07,15.0,9.0,1,0
188,2021-07-08,16.0,8.0,1,0
189,2021-07-09,17.4,19.0,1,0
190,2021-07-10,18.4,24.0,1,0
191,2021-07-11,16.1,20.0,1,0
192,2021-07-12,4.1,7.0,1,0
193,2021-07-13,7.8,10.0,1,0
194,2021-07-14,12.5,15.0,1,0
195,2021-07-15,11.0,15.0,1,0
196,2021-07-16,11.1,15.0,1,0
197,2021-07-17,9.1,11.0,1,0
198,2021-07-18,2.9,7.0,1,0
199,2021-07-19,3.7,11.0,1,0
200,2021-07-20,8.4,15.0,1,0
201,2021-07-21,1.4,5.0,1,0
202,2021-07-22,3.0,6.0,1,0
203,2021-07-23,1.7,9.0,1,0
204,2021-07-24,10.9,18.0,1,0
205,2021-07-25,7.6,16.0,1,0
206,2021-07-26,0.8,3.0,1,0
207,2021-07-27,8.2,10.0,1,0
208,2021-07-28,10.8,8.0,1,0
209,2021-07-29,3.9,8.0,1,0
210,2021-07-30,8.2,4.0,1,0
211,2021-07-31,6.4,10.0,1,0
212,2021-08-01,3.2,6.0,1,0
213,2021-08-02,1.1,6.0,1,0
214,2021-08-03,5.9,4.0,1,0
215,2021-08-04,2.9,7.0,1,0
216,2021-08-05,4.9,8.0,1,0
217,2021-08-06,4.4,8.0,1,0
218,2021-08-07,3.7,7.0,1,0
219,2021-08-08,1.4,6.0,1,0
220,2021-08-09,1.7,4.0,1,0
221,2021-08-10,4.0,10.0,1,0
222,2021-08-11,9.5,9.0,1,0
223,2021-08-12,6.6,12.0,1,0
224,2021-08-13,8.7,10.0,1,0
225,2021-08-14,4.2,12.0,1,0
226,2021-08-15,7.2,21.0,1,0
227,2021-08-16,8.8,16.0,1,0
228,2021-08-17,0.2,1.0,1,0
229,2021-08-18,0.0,0.0,0,0
230,2021-08-19,2.4,5.0,1,0
231,2021-08-20,3.2,6.0,1,0
232,2021-08-21,5.3,6.0,1,0
233,2021-08-22,13.9,13.0,1,0
234,2021-08-23,5.4,3.0,1,0
235,2021-08-24,16.6,8.0,1,0
236,2021-08-25,18.7,19.0,1,0
237,2021-08-26,13.5,22.0,1,0
238,2021-08-27,15.4,17.0,1,0
239,2021-08-28,4.9,10.0,1,0
240,2021-08-29,8.5,19.0,1,0
241,2021-08-30,8.4,9.0,1,0
242,2021-08-31,21.5,16.0,1,0
243,2021-09-01,10.0,18.0,1,0
244,2021-09-02,10.8,10.0,1,0
245,2021-09-03,5.0,13.0,1,0
246,2021-09-04,4.5,11.0,1,0
247,2021-09-05,10.2,14.0,1,0
248,2021-09-06,0.8,3.0,1,0
249,2021-09-07,19.5,21.0,1,0
250,2021-09-08,22.4,22.0,1,0
251,2021-09-09,16.0,22.0,1,0
252,2021-09-10,9.3,23.0,1,0
253,2021-09-11,6.1,11.0,1,0
254,2021-09-12,0.1,1.0,1,0
255,2021-09-13,0.7,4.0,1,0
256,2021-09-14,10.9,10.0,1,0
257,2021-09-15,16.4,18.0,1,0
258,2021-09-16,7.7,17.0,1,0
259,2021-09-17,0.2,2.0,1,0
260,2021-09-18,1.5,4.0,1,0
261,2021-09-19,1.6,9.0,1,0
262,2021-09-20,22.9,18.0,1,0
263,2021-09-21,33.1,24.0,1,0
264,2021-09-22,18.4,23.0,1,0
265,2021-09-23,25.4,14.0,1,0
266,2021-09-24,10.1,9.0,1,0
267,2021-09-25,14.9,23.0,1,0
268,2021-09-26,26.4,23.0,1,0
269,2021-09-27,16.5,18.0,1,0
270,2021-09-28,8.7,5.0,1,0
271,2021-09-29,2.5,5.0,1,0
272,2021-09-30,3.5,10.0,1,0
273,2021-10-01,0.7,4.0,1,0
274,2021-10-02,2.0,6.0,1,0
275,2021-10-03,12.5,6.0,1,0
276,2021-10-04,1.7,6.0,1,0
277,2021-10-05,0.6,3.0,1,0
278,2021-10-06,33.0,19.0,1,0
279,2021-10-07,5.7,13.0,1,0
280,2021-10-08,0.0,0.0,0,0
281,2021-10-09,1.0,3.0,1,0
282,2021-10-10,0.9,5.0,1,0
283,2021-10-11,4.2,8.0,1,0
284,2021-10-12,17.1,16.0,1,0
285,2021-10-13,3.0,11.0,1,0
286,2021-10-14,17.3,11.0,1,0
287,2021-10-15,21.0,21.0,1,0
288,2021-10-16,13.8,11.0,1,0
289,2021-10-17,55.9,24.0,1,1
290,2021-10-18,8.1,14.0,1,0
291,2021-10-19,1.1,4.0,1,0
292,2021-10-20,1.3,6.0,1,0
293,2021-10-21,9.5,8.0,1,0
294,2021-10-22,19.3,11.0,1,0
295,2021-10-23,24.6,16.0,1,0
296,2021-10-24,9.7,2.0,1,0
297,2021-10-25,1.3,3.0,1,0
298,2021-10-26,0.3,3.0,1,0
299,2021-10-27,0.0,0.0,0,0
300,2021-10-28,7.7,7.0,1,0
301,2021-10-29,13.2,7.0,1,0
302,2021-10-30,1.4,3.0,1,0
303,2021-10-31,1.4,8.0,1,0
304,2021-11-01,7.4,8.0,1,0
305,2021-11-02,5.9,7.0,1,0
306,2021-11-03,0.5,4.0,1,0
307,2021-11-04,0.2,2.0,1,0
308,2021-11-05,0.2,2.0,1,0
309,2021-11-06,11.8,8.0,1,0
310,2021-11-07,6.2,7.0,1,0
311,2021-11-08,10.2,8.0,1,0
312,2021-11-09,0.2,2.0,1,0
313,2021-11-10,0.0,0.0,0,0
314,2021-11-11,0.0,0.0,0,0
315,2021-11-12,6.4,5.0,1,0
316,2021-11-13,8.0,5.0,1,0
317,2021-11-14,0.2,2.0,1,0
318,2021-11-15,0.3,2.0,1,0
319,2021-11-16,9.4,6.0,1,0
320,2021-11-17,5.7,2.0,1,0
321,2021-11-18,8.3,6.0,1,0
322,2021-11-19,0.7,4.0,1,0
323,2021-11-20,0.5,2.0,1,0
324,2021-11-21,8.6,5.0,1,0
325,2021-11-22,12.3,6.0,1,0
326,2021-11-23,17.1,14.0,1,0
327,2021-11-24,0.1,1.0,1,0
328,2021-11-25,0.0,0.0,0,0
329,2021-11-26,0.0,0.0,0,0
330,2021-11-27,0.0,0.0,0,0
331,2021-11-28,0.0,0.0,0,0
332,2021-11-29,1.1,2.0,1,0
333,2021-11-30,0.6,3.0,1,0
334,2021-12-01,0.1,1.0,1,0
335,2021-12-02,0.0,0.0,0,0
336,2021-12-03,0.0,0.0,0,0
337,2021-12-04,0.0,0.0,0,0
338,2021-12-05,0.0,0.0,0,0
339,2021-12-06,0.0,0.0,0,0
340,2021-12-07,0.0,0.0,0,0
341,2021-12-08,0.0,0.0,0,0
342,2021-12-09,0.0,0.0,0,0
343,2021-12-10,0.0,0.0,0,0
344,2021-12-11,0.0,0.0,0,0
345,2021-12-12,0.0,0.0,0,0
346,2021-12-13,0.0,0.0,0,0
347,2021-12-14,0.0,0.0,0,0
348,2021-12-15,0.0,0.0,0,0
349,2021-12-16,0.0,0.0,0,0
350,2021-12-17,0.0,0.0,0,0
351,2021-12-18,0.0,0.0,0,0
352,2021-12-19,0.0,0.0,0,0
353,2021-12-20,0.0,0.0,0,0
354,2021-12-21,0.0,0.0,0,0
355,2021-12-22,0.0,0.0,0,0
356,2021-12-23,0.0,0.0,0,0
357,2021-12-24,0.4,3.0,1,0
358,2021-12-25,7.1,10.0,1,0
359,2021-12-26,1.1,6.0,1,0
360,2021-12-27,0.8,2.0,1,0
361,2021-12-28,0.0,0.0,0,0
362,2021-12-29,0.0,0.0,0,0
363,2021-12-30,0.0,0.0,0,0
364,2021-12-31,0.0,0.0,0,0
365,2022-01-01,0.0,0.0,0,0
366,2022-01-02,0.0,0.0,0,0
367,2022-01-03,0.0,0.0,0,0
368,2022-01-04,0.0,0.0,0,0
369,2022-01-05,0.0,0.0,0,0
370,2022-01-06,0.0,0.0,0,0
371,2022-01-07,0.0,0.0,0,0
372,2022-01-08,0.0,0.0,0,0
373,2022-01-09,0.0,0.0,0,0
374,2022-01-10,0.0,0.0,0,0
375,2022-01-11,0.0,0.0,0,0
376,2022-01-12,0.1,1.0,1,0
377,2022-01-13,0.0,0.0,0,0
378,2022-01-14,0.0,0.0,0,0
379,2022-01-15,0.0,0.0,0,0
380,2022-01-16,0.0,0.0,0,0
381,2022-01-17,0.1,1.0,1,0
382,2022-01-18,0.0,0.0,0,0
383,2022-01-19,0.0,0.0,0,0
384,2022-01-20,0.0,0.0,0,0
385,2022-01-21,31.9,11.0,1,0
386,2022-01-22,1.2,5.0,1,0
387,2022-01-23,0.2,2.0,1,0
388,2022-01-24,0.1,1.0,1,0
389,2022-01-25,0.0,0.0,0,0
390,2022-01-26,0.1,1.0,1,0
391,2022-01-27,1.1,2.0,1,0
392,2022-01-28,0.3,3.0,1,0
393,2022-01-29,0.0,0.0,0,0
394,2022-01-30,0.0,0.0,0,0
395,2022-01-31,0.2,2.0,1,0
396,2022-02-01,0.3,2.0,1,0
397,2022-02-02,2.7,6.0,1,0
398,2022-02-03,0.2,2.0,1,0
399,2022-02-04,1.6,6.0,1,0
400,2022-02-05,0.8,4.0,1,0
401,2022-02-06,0.0,0.0,0,0
402,2022-02-07,0.0,0.0,0,0
403,2022-02-08,0.0,0.0,0,0
404,2022-02-09,1.3,6.0,1,0
405,2022-02-10,8.4,8.0,1,0
406,2022-02-11,12.1,5.0,1,0
407,2022-02-12,4.3,11.0,1,0
408,2022-02-13,1.0,6.0,1,0
409,2022-02-14,3.9,10.0,1,0
410,2022-02-15,11.8,15.0,1,0
411,2022-02-16,17.2,12.0,1,0
412,2022-02-17,7.0,12.0,1,0
413,2022-02-18,7.9,13.0,1,0
414,2022-02-19,15.9,12.0,1,0
415,2022-02-20,2.0,5.0,1,0
416,2022-02-21,2.0,6.0,1,0
417,2022-02-22,0.0,0.0,0,0
418,2022-02-23,0.0,0.0,0,0
419,2022-02-24,0.0,0.0,0,0
420,2022-02-25,0.0,0.0,0,0
421,2022-02-26,0.0,0.0,0,0
422,2022-02-27,0.0,0.0,0,0
423,2022-02-28,0.0,0.0,0,0
424,2022-03-01,0.7,4.0,1,0
425,2022-03-02,1.9,5.0,1,0
426,2022-03-03,0.4,3.0,1,0
427,2022-03-04,0.0,0.0,0,0
428,2022-03-05,0.2,2.0,1,0
429,2022-03-06,0.0,0.0,0,0
430,2022-03-07,20.4,6.0,1,0
431,2022-03-08,4.8,11.0,1,0
432,2022-03-09,0.0,0.0,0,0
433,2022-03-10,0.8,5.0,1,0
434,2022-03-11,1.1,3.0,1,0
435,2022-03-12,0.2,2.0,1,0
436,2022-03-13,0.1,1.0,1,0
437,2022-03-14,0.0,0.0,0,0
438,2022-03-15,0.0,0.0,0,0
439,2022-03-16,1.3,3.0,1,0
440,2022-03-17,0.0,0.0,0,0
441,2022-03-18,13.4,9.0,1,0
442,2022-03-19,0.0,0.0,0,0
443,2022-03-20,5.0,13.0,1,0
444,2022-03-21,9.4,13.0,1,0
445,2022-03-22,8.7,16.0,1,0
446,2022-03-23,4.0,9.0,1,0
447,2022-03-24,4.2,7.0,1,0
448,2022-03-25,6.5,6.0,1,0
449,2022-03-26,0.0,0.0,0,0
450,2022-03-27,0.9,2.0,1,0
451,2022-03-28,2.9,5.0,1,0
452,2022-03-29,6.5,6.0,1,0
453,2022-03-30,7.1,9.0,1,0
454,2022-03-31,11.4,7.0,1,0
455,2022-04-01,0.2,2.0,1,0
456,2022-04-02,0.0,0.0,0,0
457,2022-04-03,0.6,3.0,1,0
458,2022-04-04,0.0,0.0,0,0
459,2022-04-05,0.0,0.0,0,0
460,2022-04-06,0.0,0.0,0,0
461,2022-04-07,0.0,0.0,0,0
462,2022-04-08,0.0,0.0,0,0
463,2022-04-09,0.0,0.0,0,0
464,2022-04-10,0.0,0.0,0,0
465,2022-04-11,1.9,4.0,1,0
466,2022-04-12,0.9,4.0,1,0
467,2022-04-13,0.5,1.0,1,0
468,2022-04-14,0.0,0.0,0,0
469,2022-04-15,0.0,0.0,0,0
470,2022-04-16,0.0,0.0,0,0
471,2022-04-17,2.7,6.0,1,0
472,2022-04-18,32.8,15.0,1,0
473,2022-04-19,12.2,11.0,1,0
474,2022-04-20,5.5,4.0,1,0
475,2022-04-21,4.0,7.0,1,0
476,2022-04-22,11.3,9.0,1,0
477,2022-04-23,0.5,5.0,1,0
478,2022-04-24,0.3,2.0,1,0
479,2022-04-25,0.3,3.0,1,0
480,2022-04-26,1.1,3.0,1,0
481,2022-04-27,0.0,0.0,0,0
482,2022-04-28,5.0,6.0,1,0
483,2022-04-29,2.3,4.0,1,0
484,2022-04-30,3.0,5.0,1,0
485,2022-05-01,4.9,7.0,1,0
486,2022-05-02,44.7,10.0,1,1
487,2022-05-03,0.0,0.0,0,0
488,2022-05-04,0.0,0.0,0,0
489,2022-05-05,0.0,0.0,0,0
490,2022-05-06,14.8,6.0,1,0
491,2022-05-07,4.3,6.0,1,0
492,2022-05-08,6.2,6.0,1,0
493,2022-05-09,8.7,9.0,1,0
494,2022-05-10,4.7,12.0,1,0
495,2022-05-11,4.5,16.0,1,0
496,2022-05-12,7.0,10.0,1,0
497,2022-05-13,0.3,1.0,1,0
498,2022-05-14,5.6,7.0,1,0
499,2022-05-15,4.6,5.0,1,0
500,2022-05-16,15.3,7.0,1,0
501,2022-05-17,21.9,15.0,1,0
502,2022-05-18,22.8,18.0,1,0
503,2022-05-19,20.2,15.0,1,0
504,2022-05-20,9.0,8.0,1,0
505,2022-05-21,8.5,12.0,1,0
506,2022-05-22,8.4,13.0,1,0
507,2022-05-23,1.5,8.0,1,0
508,2022-05-24,9.1,10.0,1,0
509,2022-05-25,2.5,3.0,1,0
510,2022-05-26,0.7,5.0,1,0
511,2022-05-27,8.2,8.0,1,0
512,2022-05-28,3.8,7.0,1,0
513,2022-05-29,5.0,5.0,1,0
514,2022-05-30,3.2,6.0,1,0
515,2022-05-31,7.0,5.0,1,0
516,2022-06-01,1.5,3.0,1,0
517,2022-06-02,3.6,5.0,1,0
518,2022-06-03,12.1,7.0,1,0
519,2022-06-04,1.9,3.0,1,0
520,2022-06-05,0.4,4.0,1,0
521,2022-06-06,0.2,2.0,1,0
522,2022-06-07,0.9,3.0,1,0
523,2022-06-08,0.5,2.0,1,0
524,2022-06-09,5.5,3.0,1,0
525,2022-06-10,0.3,2.0,1,0
526,2022-06-11,2.0,3.0,1,0
527,2022-06-12,0.4,1.0,1,0
528,2022-06-13,13.5,8.0,1,0
529,2022-06-14,1.5,7.0,1,0
530,2022-06-15,4.2,6.0,1,0
531,2022-06-16,2.1,5.0,1,0
532,2022-06-17,0.2,2.0,1,0
533,2022-06-18,0.4,1.0,1,0
534,2022-06-19,1.5,6.0,1,0
535,2022-06-20,1.2,2.0,1,0
536,2022-06-21,19.7,8.0,1,0
537,2022-06-22,3.5,7.0,1,0
538,2022-06-23,2.5,4.0,1,0
539,2022-06-24,25.8,14.0,1,0
540,2022-06-25,4.6,13.0,1,0
541,2022-06-26,6.6,12.0,1,0
542,2022-06-27,5.9,7.0,1,0
543,2022-06-28,6.0,3.0,1,0
544,2022-06-29,1.7,3.0,1,0
545,2022-06-30,11.7,3.0,1,0
546,2022-07-01,7.2,3.0,1,0
547,2022-07-02,7.1,7.0,1,0
548,2022-07-03,3.1,6.0,1,0
549,2022-07-04,5.7,6.0,1,0
550,2022-07-05,1.5,8.0,1,0
551,2022-07-06,2.3,8.0,1,0
552,2022-07-07,3.3,5.0,1,0
553,2022-07-08,13.6,9.0,1,0
554,2022-07-09,13.6,12.0,1,0
555,2022-07-10,3.4,7.0,1,0
556,2022-07-11,0.8,7.0,1,0
557,2022-07-12,3.1,4.0,1,0
558,2022-07-13,7.0,16.0,1,0
559,2022-07-14,2.3,3.0,1,0
560,2022-07-15,8.9,10.0,1,0
561,2022-07-16,2.5,9.0,1,0
562,2022-07-17,4.7,7.0,1,0
563,2022-07-18,7.3,7.0,1,0
564,2022-07-19,0.8,3.0,1,0
565,2022-07-20,13.1,12.0,1,0
566,2022-07-21,34.9,24.0,1,0
567,2022-07-22,3.6,13.0,1,0
568,2022-07-23,5.7,9.0,1,0
569,2022-07-24,22.3,13.0,1,0
570,2022-07-25,6.8,8.0,1,0
571,2022-07-26,1.0,2.0,1,0
572,2022-07-27,3.2,5.0,1,0
573,2022-07-28,2.6,12.0,1,0
574,2022-07-29,0.6,5.0,1,0
575,2022-07-30,4.4,6.0,1,0
576,2022-07-31,13.0,11.0,1,0
577,2022-08-01,33.9,19.0,1,0
578,2022-08-02,9.4,19.0,1,0
579,2022-08-03,2.9,11.0,1,0
580,2022-08-04,8.6,10.0,1,0
581,2022-08-05,5.7,10.0,1,0
582,2022-08-06,0.5,5.0,1,0
583,2022-08-07,8.5,8.0,1,0
584,2022-08-08,20.8,23.0,1,0
585,2022-08-09,6.7,12.0,1,0
586,2022-08-10,1.2,4.0,1,0
587,2022-08-11,17.4,12.0,1,0
588,2022-08-12,10.4,8.0,1,0
589,2022-08-13,1.0,7.0,1,0
590,2022-08-14,1.7,5.0,1,0
591,2022-08-15,31.5,12.0,1,0
592,2022-08-16,7.9,16.0,1,0
593,2022-08-17,3.8,5.0,1,0
594,2022-08-18,2.7,7.0,1,0
595,2022-08-19,25.6,10.0,1,0
596,2022-08-20,4.9,10.0,1,0
597,2022-08-21,11.7,10.0,1,0
598,2022-08-22,1.3,6.0,1,0
599,2022-08-23,0.4,2.0,1,0
600,2022-08-24,0.0,0.0,0,0
601,2022-08-25,36.6,14.0,1,1
602,2022-08-26,11.6,15.0,1,0
603,2022-08-27,0.8,8.0,1,0
604,2022-08-28,2.1,9.0,1,0
605,2022-08-29,17.1,14.0,1,0
606,2022-08-30,3.3,5.0,1,0
607,2022-08-31,0.7,6.0,1,0
608,2022-09-01,3.0,7.0,1,0
609,2022-09-02,12.1,9.0,1,0
610,2022-09-03,8.2,9.0,1,0
611,2022-09-04,31.1,14.0,1,0
612,2022-09-05,14.5,16.0,1,0
613,2022-09-06,22.2,11.0,1,0
614,2022-09-07,11.0,18.0,1,0
615,2022-09-08,23.1,21.0,1,0
616,2022-09-09,9.0,8.0,1,0
617,2022-09-10,27.2,10.0,1,0
618,2022-09-11,7.4,6.0,1,0
619,2022-09-12,12.4,10.0,1,0
620,2022-09-13,8.2,11.0,1,0
621,2022-09-14,7.5,7.0,1,0
622,2022-09-15,13.2,7.0,1,0
623,2022-09-16,4.1,5.0,1,0
624,2022-09-17,9.5,10.0,1,0
625,2022-09-18,11.7,16.0,1,0
626,2022-09-19,17.1,9.0,1,0
627,2022-09-20,1.1,5.0,1,0
628,2022-09-21,17.0,6.0,1,0
629,2022-09-22,19.2,15.0,1,0
630,2022-09-23,19.2,16.0,1,0
631,2022-09-24,24.5,18.0,1,0
632,2022-09-25,18.0,18.0,1,0
633,2022-09-26,28.3,20.0,1,0
634,2022-09-27,20.0,13.0,1,0
635,2022-09-28,0.2,1.0,1,0
636,2022-09-29,18.1,24.0,1,0
637,2022-09-30,16.8,11.0,1,0
638,2022-10-01,5.2,7.0,1,0
639,2022-10-02,5.5,9.0,1,0
640,2022-10-03,22.1,23.0,1,0
641,2022-10-04,12.2,11.0,1,0
642,2022-10-05,11.6,8.0,1,0
643,2022-10-06,15.6,17.0,1,0
644,2022-10-07,28.6,12.0,1,0
645,2022-10-08,16.4,13.0,1,0
646,2022-10-09,19.0,12.0,1,0
647,2022-10-10,28.9,21.0,1,0
648,2022-10-11,15.1,13.0,1,0
649,2022-10-12,0.5,2.0,1,0
650,2022-10-13,0.1,1.0,1,0
651,2022-10-14,0.0,0.0,0,0
652,2022-10-15,0.0,0.0,0,0
653,2022-10-16,1.1,5.0,1,0
654,2022-10-17,1.2,6.0,1,0
655,2022-10-18,0.0,0.0,0,0
656,2022-10-19,0.0,0.0,0,0
657,2022-10-20,0.0,0.0,0,0
658,2022-10-21,0.4,3.0,1,0
659,2022-10-22,20.5,10.0,1,0
660,2022-10-23,8.7,9.0,1,0
661,2022-10-24,0.0,0.0,0,0
662,2022-10-25,0.0,0.0,0,0
663,2022-10-26,0.3,2.0,1,0
664,2022-10-27,5.1,13.0,1,0
665,2022-10-28,0.2,2.0,1,0
666,2022-10-29,0.0,0.0,0,0
667,2022-10-30,0.0,0.0,0,0
668,2022-10-31,0.0,0.0,0,0
669,2022-11-01,0.0,0.0,0,0
670,2022-11-02,0.0,0.0,0,0
671,2022-11-03,0.0,0.0,0,0
672,2022-11-04,0.0,0.0,0,0
673,2022-11-05,0.0,0.0,0,0
674,2022-11-06,3.4,2.0,1,0
675,2022-11-07,0.8,2.0,1,0
676,2022-11-08,0.0,0.0,0,0
677,2022-11-09,0.0,0.0,0,0
678,2022-11-10,0.0,0.0,0,0
679,2022-11-11,0.0,0.0,0,0
680,2022-11-12,0.0,0.0,0,0
681,2022-11-13,0.6,2.0,1,0
682,2022-11-14,15.5,18.0,1,0
683,2022-11-15,0.2,2.0,1,0
684,2022-11-16,3.2,5.0,1,0
685,2022-11-17,5.7,5.0,1,0
686,2022-11-18,7.3,7.0,1,0
687,2022-11-19,0.6,4.0,1,0
688,2022-11-20,11.6,7.0,1,0
689,2022-11-21,4.8,1.0,1,0
690,2022-11-22,0.0,0.0,0,0
691,2022-11-23,8.8,9.0,1,0
692,2022-11-24,18.5,20.0,1,0
693,2022-11-25,12.2,14.0,1,0
694,2022-11-26,11.2,17.0,1,0
695,2022-11-27,1.4,10.0,1,0
696,2022-11-28,4.4,6.0,1,0
697,2022-11-29,6.5,11.0,1,0
698,2022-11-30,10.9,4.0,1,0
699,2022-12-01,1.4,6.0,1,0
700,2022-12-02,0.4,3.0,1,0
701,2022-12-03,6.7,2.0,1,0
702,2022-12-04,0.0,0.0,0,0
703,2022-12-05,1.0,1.0,1,0
704,2022-12-06,0.0,0.0,0,0
705,2022-12-07,0.4,3.0,1,0
706,2022-12-08,0.0,0.0,0,0
707,2022-12-09,0.0,0.0,0,0
708,2022-12-10,0.2,2.0,1,0
709,2022-12-11,0.0,0.0,0,0
710,2022-12-12,0.0,0.0,0,0
711,2022-12-13,0.0,0.0,0,0
712,2022-12-14,0.0,0.0,0,0
713,2022-12-15,0.0,0.0,0,0
714,2022-12-16,0.0,0.0,0,0
715,2022-12-17,0.6,3.0,1,0
716,2022-12-18,0.0,0.0,0,0
717,2022-12-19,0.0,0.0,0,0
718,2022-12-20,0.0,0.0,0,0
719,2022-12-21,0.0,0.0,0,0
720,2022-12-22,0.0,0.0,0,0
721,2022-12-23,0.0,0.0,0,0
722,2022-12-24,0.0,0.0,0,0
723,2022-12-25,0.0,0.0,0,0
724,2022-12-26,0.0,0.0,0,0
725,2022-12-27,0.0,0.0,0,0
726,2022-12-28,0.0,0.0,0,0
727,2022-12-29,0.0,0.0,0,0
728,2022-12-30,0.0,0.0,0,0
729,2022-12-31,0.0,0.0,0,0
730,2023-01-01,0.0,0.0,0,0
731,2023-01-02,0.0,0.0,0,0
732,2023-01-03,0.0,0.0,0,0
733,2023-01-04,0.0,0.0,0,0
734,2023-01-05,0.0,0.0,0,0
735,2023-01-06,0.0,0.0,0,0
736,2023-01-07,0.0,0.0,0,0
737,2023-01-08,0.0,0.0,0,0
738,2023-01-09,0.0,0.0,0,0
739,2023-01-10,6.3,5.0,1,0
740,2023-01-11,0.9,4.0,1,0
741,2023-01-12,0.0,0.0,0,0
742,2023-01-13,1.7,9.0,1,0
743,2023-01-14,1.2,5.0,1,0
744,2023-01-15,0.0,0.0,0,0
745,2023-01-16,0.0,0.0,0,0
746,2023-01-17,0.0,0.0,0,0
747,2023-01-18,0.0,0.0,0,0
748,2023-01-19,0.0,0.0,0,0
749,2023-01-20,0.0,0.0,0,0
750,2023-01-21,0.0,0.0,0,0
751,2023-01-22,0.0,0.0,0,0
752,2023-01-23,0.0,0.0,0,0
753,2023-01-24,0.3,1.0,1,0
754,2023-01-25,0.0,0.0,0,0
755,2023-01-26,0.0,0.0,0,0
756,2023-01-27,0.0,0.0,0,0
757,2023-01-28,0.0,0.0,0,0
758,2023-01-29,0.0,0.0,0,0
759,2023-01-30,0.0,0.0,0,0
760,2023-01-31,0.0,0.0,0,0
761,2023-02-01,0.0,0.0,0,0
762,2023-02-02,0.0,0.0,0,0
763,2023-02-03,4.2,7.0,1,0
764,2023-02-04,3.0,6.0,1,0
765,2023-02-05,0.8,2.0,1,0
766,2023-02-06,0.4,3.0,1,0
767,2023-02-07,0.1,1.0,1,0
768,2023-02-08,0.2,2.0,1,0
769,2023-02-09,0.2,2.0,1,0
770,2023-02-10,0.6,4.0,1,0
771,2023-02-11,0.0,0.0,0,0
772,2023-02-12,0.2,2.0,1,0
773,2023-02-13,2.4,6.0,1,0
774,2023-02-14,0.3,1.0,1,0
775,2023-02-15,49.5,17.0,1,1
776,2023-02-16,0.4,4.0,1,0
777,2023-02-17,0.0,0.0,0,0
778,2023-02-18,0.0,0.0,0,0
779,2023-02-19,0.0,0.0,0,0
780,2023-02-20,0.0,0.0,0,0
781,2023-02-21,0.0,0.0,0,0
782,2023-02-22,0.0,0.0,0,0
783,2023-02-23,0.0,0.0,0,0
784,2023-02-24,0.0,0.0,0,0
785,2023-02-25,0.0,0.0,0,0
786,2023-02-26,0.0,0.0,0,0
787,2023-02-27,0.0,0.0,0,0
788,2023-02-28,0.0,0.0,0,0
789,2023-03-01,0.0,0.0,0,0
790,2023-03-02,0.0,0.0,0,0
791,2023-03-03,0.0,0.0,0,0
792,2023-03-04,0.0,0.0,0,0
793,2023-03-05,0.0,0.0,0,0
794,2023-03-06,0.0,0.0,0,0
795,2023-03-07,0.0,0.0,0,0
796,2023-03-08,0.0,0.0,0,0
797,2023-03-09,0.3,3.0,1,0
798,2023-03-10,0.9,5.0,1,0
799,2023-03-11,0.6,4.0,1,0
800,2023-03-12,1.2,4.0,1,0
801,2023-03-13,5.8,7.0,1,0
802,2023-03-14,0.0,0.0,0,0
803,2023-03-15,1.0,4.0,1,0
804,2023-03-16,0.6,4.0,1,0
805,2023-03-17,0.6,3.0,1,0
806,2023-03-18,0.5,5.0,1,0
807,2023-03-19,0.5,4.0,1,0
808,2023-03-20,0.7,5.0,1,0
809,2023-03-21,0.0,0.0,0,0
810,2023-03-22,0.1,1.0,1,0
811,2023-03-23,0.0,0.0,0,0
812,2023-03-24,0.0,0.0,0,0
813,2023-03-25,0.4,4.0,1,0
814,2023-03-26,0.1,1.0,1,0
815,2023-03-27,0.0,0.0,0,0
816,2023-03-28,3.4,3.0,1,0
817,2023-03-29,0.0,0.0,0,0
818,2023-03-30,1.5,5.0,1,0
819,2023-03-31,0.0,0.0,0,0
820,2023-04-01,1.3,4.0,1,0
821,2023-04-02,0.6,3.0,1,0
822,2023-04-03,0.0,0.0,0,0
823,2023-04-04,0.0,0.0,0,0
824,2023-04-05,0.0,0.0,0,0
825,2023-04-06,0.0,0.0,0,0
826,2023-04-07,0.2,2.0,1,0
827,2023-04-08,0.8,1.0,1,0
828,2023-04-09,2.0,6.0,1,0
829,2023-04-10,0.0,0.0,0,0
830,2023-04-11,9.5,3.0,1,0
831,2023-04-12,0.0,0.0,0,0
832,2023-04-13,0.0,0.0,0,0
833,2023-04-14,1.3,3.0,1,0
834,2023-04-15,8.4,7.0,1,0
835,2023-04-16,2.7,7.0,1,0
836,2023-04-17,6.4,2.0,1,0
837,2023-04-18,0.0,0.0,0,0
838,2023-04-19,0.0,0.0,0,0
839,2023-04-20,0.0,0.0,0,0
840,2023-04-21,0.0,0.0,0,0
841,2023-04-22,0.0,0.0,0,0
842,2023-04-23,1.8,5.0,1,0
843,2023-04-24,0.3,2.0,1,0
844,2023-04-25,12.7,6.0,1,0
845,2023-04-26,27.3,12.0,1,0
846,2023-04-27,7.2,6.0,1,0
847,2023-04-28,1.0,2.0,1,0
848,2023-04-29,0.1,1.0,1,0
849,2023-04-30,11.6,6.0,1,0
850,2023-05-01,1.6,4.0,1,0
851,2023-05-02,1.6,5.0,1,0
852,2023-05-03,0.0,0.0,0,0
853,2023-05-04,0.0,0.0,0,0
854,2023-05-05,0.3,1.0,1,0
855,2023-05-06,0.1,1.0,1,0
856,2023-05-07,0.6,3.0,1,0
857,2023-05-08,8.3,2.0,1,0
858,2023-05-09,2.1,2.0,1,0
859,2023-05-10,8.1,9.0,1,0
860,2023-05-11,9.4,2.0,1,0
861,2023-05-12,6.5,7.0,1,0
862,2023-05-13,0.6,4.0,1,0
863,2023-05-14,0.0,0.0,0,0
864,2023-05-15,1.1,6.0,1,0
865,2023-05-16,0.3,2.0,1,0
866,2023-05-17,0.0,0.0,0,0
867,2023-05-18,2.5,2.0,1,0
868,2023-05-19,0.0,0.0,0,0
869,2023-05-20,0.0,0.0,0,0
870,2023-05-21,0.0,0.0,0,0
871,2023-05-22,0.6,2.0,1,0
872,2023-05-23,3.5,4.0,1,0
873,2023-05-24,5.0,8.0,1,0
874,2023-05-25,0.3,1.0,1,0
875,2023-05-26,0.1,1.0,1,0
876,2023-05-27,3.0,6.0,1,0
877,2023-05-28,9.8,6.0,1,0
878,2023-05-29,19.3,14.0,1,0
879,2023-05-30,5.9,13.0,1,0
880,2023-05-31,11.7,6.0,1,0
881,2023-06-01,0.2,2.0,1,0
882,2023-06-02,0.6,2.0,1,0
883,2023-06-03,6.2,7.0,1,0
884,2023-06-04,0.8,3.0,1,0
885,2023-06-05,3.2,4.0,1,0
886,2023-06-06,5.4,8.0,1,0
887,2023-06-07,4.3,6.0,1,0
888,2023-06-08,8.4,4.0,1,0
889,2023-06-09,6.8,12.0,1,0
890,2023-06-10,28.6,11.0,1,0
891,2023-06-11,8.6,8.0,1,0
892,2023-06-12,7.7,7.0,1,0
893,2023-06-13,5.3,7.0,1,0
894,2023-06-14,5.7,13.0,1,0
895,2023-06-15,12.3,18.0,1,0
896,2023-06-16,3.7,4.0,1,0
897,2023-06-17,12.1,9.0,1,0
898,2023-06-18,24.2,9.0,1,0
899,2023-06-19,4.3,7.0,1,0
900,2023-06-20,3.8,6.0,1,0
901,2023-06-21,0.3,2.0,1,0
902,2023-06-22,0.0,0.0,0,0
903,2023-06-23,13.7,4.0,1,0
904,2023-06-24,0.2,2.0,1,0
905,2023-06-25,1.7,6.0,1,0
906,2023-06-26,1.0,1.0,1,0
907,2023-06-27,8.1,4.0,1,0
908,2023-06-28,27.3,16.0,1,0
909,2023-06-29,2.3,8.0,1,0
910,2023-06-30,5.1,5.0,1,0
911,2023-07-01,24.2,11.0,1,0
912,2023-07-02,6.9,16.0,1,0
913,2023-07-03,1.2,5.0,1,0
914,2023-07-04,2.6,5.0,1,0
915,2023-07-05,0.3,3.0,1,0
916,2023-07-06,2.0,2.0,1,0
917,2023-07-07,6.9,5.0,1,0
918,2023-07-08,4.8,10.0,1,0
919,2023-07-09,8.9,7.0,1,0
920,2023-07-10,22.4,17.0,1,0
921,2023-07-11,3.8,10.0,1,0
922,2023-07-12,3.4,6.0,1,0
923,2023-07-13,2.8,4.0,1,0
924,2023-07-14,11.9,5.0,1,0
925,2023-07-15,0.8,2.0,1,0
926,2023-07-16,0.1,1.0,1,0
927,2023-07-17,2.6,7.0,1,0
928,2023-07-18,9.7,6.0,1,0
929,2023-07-19,0.8,5.0,1,0
930,2023-07-20,15.7,6.0,1,0
931,2023-07-21,31.3,12.0,1,0
932,2023-07-22,32.3,20.0,1,0
933,2023-07-23,22.6,20.0,1,0
934,2023-07-24,4.6,8.0,1,0
935,2023-07-25,5.5,6.0,1,0
936,2023-07-26,0.6,4.0,1,0
937,2023-07-27,16.4,4.0,1,0
938,2023-07-28,2.3,3.0,1,0
939,2023-07-29,6.1,9.0,1,0
940,2023-07-30,2.0,8.0,1,0
941,2023-07-31,3.5,8.0,1,0
942,2023-08-01,9.3,7.0,1,0
943,2023-08-02,9.9,13.0,1,0
944,2023-08-03,8.6,16.0,1,0
945,2023-08-04,4.4,6.0,1,0
946,2023-08-05,3.2,6.0,1,0
947,2023-08-06,2.8,4.0,1,0
948,2023-08-07,4.9,5.0,1,0
949,2023-08-08,10.4,6.0,1,0
950,2023-08-09,5.4,9.0,1,0
951,2023-08-10,3.2,5.0,1,0
952,2023-08-11,1.2,3.0,1,0
953,2023-08-12,3.0,5.0,1,0
954,2023-08-13,4.5,5.0,1,0
955,2023-08-14,5.9,5.0,1,0
956,2023-08-15,6.0,4.0,1,0
957,2023-08-16,7.8,8.0,1,0
958,2023-08-17,17.6,8.0,1,0
959,2023-08-18,3.9,6.0,1,0
960,2023-08-19,21.0,7.0,1,0
961,2023-08-20,6.3,8.0,1,0
962,2023-08-21,9.3,16.0,1,0
963,2023-08-22,8.8,15.0,1,0
964,2023-08-23,20.7,10.0,1,0
965,2023-08-24,7.8,9.0,1,0
966,2023-08-25,7.2,8.0,1,0
967,2023-08-26,5.7,8.0,1,0
968,2023-08-27,1.1,3.0,1,0
969,2023-08-28,0.7,5.0,1,0
970,2023-08-29,8.1,3.0,1,0
971,2023-08-30,5.7,12.0,1,0
972,2023-08-31,40.2,19.0,1,1
973,2023-09-01,23.0,21.0,1,0
974,2023-09-02,17.8,9.0,1,0
975,2023-09-03,4.0,6.0,1,0
976,2023-09-04,10.2,10.0,1,0
977,2023-09-05,17.5,13.0,1,0
978,2023-09-06,2.3,7.0,1,0
979,2023-09-07,1.9,10.0,1,0
980,2023-09-08,5.8,16.0,1,0
981,2023-09-09,26.8,8.0,1,0
982,2023-09-10,7.0,14.0,1,0
983,2023-09-11,16.0,13.0,1,0
984,2023-09-12,13.1,13.0,1,0
985,2023-09-13,3.5,8.0,1,0
986,2023-09-14,8.5,15.0,1,0
987,2023-09-15,30.3,19.0,1,0
988,2023-09-16,24.4,15.0,1,0
989,2023-09-17,10.0,18.0,1,0
990,2023-09-18,3.8,11.0,1,0
991,2023-09-19,2.5,6.0,1,0
992,2023-09-20,0.5,2.0,1,0
993,2023-09-21,29.4,8.0,1,0
994,2023-09-22,6.3,6.0,1,0
995,2023-09-23,4.3,10.0,1,0
996,2023-09-24,13.4,6.0,1,0
997,2023-09-25,6.8,7.0,1,0
998,2023-09-26,10.1,14.0,1,0
999,2023-09-27,21.3,20.0,1,0
1000,2023-09-28,28.4,24.0,1,0
1001,2023-09-29,5.9,18.0,1,0
1002,2023-09-30,9.5,9.0,1,0
1003,2023-10-01,6.2,7.0,1,0
1004,2023-10-02,12.4,8.0,1,0
1005,2023-10-03,11.9,9.0,1,0
1006,2023-10-04,22.5,15.0,1,0
1007,2023-10-05,11.7,13.0,1,0
1008,2023-10-06,15.4,19.0,1,0
1009,2023-10-07,15.9,19.0,1,0
1010,2023-10-08,9.9,16.0,1,0
1011,2023-10-09,9.7,15.0,1,0
1012,2023-10-10,8.1,16.0,1,0
1013,2023-10-11,20.9,15.0,1,0
1014,2023-10-12,6.4,13.0,1,0
1015,2023-10-13,0.3,2.0,1,0
1016,2023-10-14,7.0,2.0,1,0
1017,2023-10-15,2.9,9.0,1,0
1018,2023-10-16,0.2,2.0,1,0
1019,2023-10-17,0.2,1.0,1,0
1020,2023-10-18,0.7,4.0,1,0
1021,2023-10-19,0.7,2.0,1,0
1022,2023-10-20,0.3,2.0,1,0
1023,2023-10-21,25.1,18.0,1,0
1024,2023-10-22,11.5,15.0,1,0
1025,2023-10-23,0.0,0.0,0,0
1026,2023-10-24,8.9,5.0,1,0
1027,2023-10-25,6.8,7.0,1,0
1028,2023-10-26,6.2,6.0,1,0
1029,2023-10-27,2.0,6.0,1,0
1030,2023-10-28,5.0,8.0,1,0
1031,2023-10-29,4.1,11.0,1,0
1032,2023-10-30,10.3,10.0,1,0
1033,2023-10-31,3.6,12.0,1,0
1034,2023-11-01,0.0,0.0,0,0
1035,2023-11-02,1.6,3.0,1,0
1036,2023-11-03,0.0,0.0,0,0
1037,2023-11-04,1.6,6.0,1,0
1038,2023-11-05,11.7,8.0,1,0
1039,2023-11-06,2.4,7.0,1,0
1040,2023-11-07,11.8,5.0,1,0
1041,2023-11-08,0.3,3.0,1,0
1042,2023-11-09,5.7,7.0,1,0
1043,2023-11-10,3.7,7.0,1,0
1044,2023-11-11,2.4,8.0,1,0
1045,2023-11-12,2.0,4.0,1,0
1046,2023-11-13,7.6,3.0,1,0
1047,2023-11-14,1.4,4.0,1,0
1048,2023-11-15,1.3,3.0,1,0
1049,2023-11-16,8.8,8.0,1,0
1050,2023-11-17,0.2,2.0,1,0
1051,2023-11-18,0.0,0.0,0,0
1052,2023-11-19,0.0,0.0,0,0
1053,2023-11-20,0.0,0.0,0,0
1054,2023-11-21,0.0,0.0,0,0
1055,2023-11-22,0.0,0.0,0,0
1056,2023-11-23,0.0,0.0,0,0
1057,2023-11-24,0.0,0.0,0,0
1058,2023-11-25,0.0,0.0,0,0
1059,2023-11-26,0.7,4.0,1,0
1060,2023-11-27,0.0,0.0,0,0
1061,2023-11-28,0.0,0.0,0,0
1062,2023-11-29,0.0,0.0,0,0
1063,2023-11-30,0.0,0.0,0,0
1064,2023-12-01,4.5,2.0,1,0
1065,2023-12-02,2.9,4.0,1,0
1066,2023-12-03,1.1,2.0,1,0
1067,2023-12-04,0.3,3.0,1,0
1068,2023-12-05,9.0,3.0,1,0
1069,2023-12-06,8.6,7.0,1,0
1070,2023-12-07,2.8,5.0,1,0
1071,2023-12-08,0.0,0.0,0,0
1072,2023-12-09,0.0,0.0,0,0
1073,2023-12-10,0.0,0.0,0,0
1074,2023-12-11,0.5,4.0,1,0
1075,2023-12-12,0.1,1.0,1,0
1076,2023-12-13,1.4,8.0,1,0
1077,2023-12-14,0.3,2.0,1,0
1078,2023-12-15,0.0,0.0,0,0
1079,2023-12-16,0.2,2.0,1,0
1080,2023-12-17,0.7,4.0,1,0
1081,2023-12-18,0.2,2.0,1,0
1082,2023-12-19,0.0,0.0,0,0
1083,2023-12-20,0.0,0.0,0,0
1084,2023-12-21,0.0,0.0,0,0
1085,2023-12-22,0.0,0.0,0,0
1086,2023-12-23,0.0,0.0,0,0
1087,2023-12-24,0.0,0.0,0,0
1088,2023-12-25,0.0,0.0,0,0
1089,2023-12-26,0.4,3.0,1,0
1090,2023-12-27,0.0,0.0,0,0
1091,2023-12-28,0.0,0.0,0,0
1092,2023-12-29,0.0,0.0,0,0
1093,2023-12-30,0.0,0.0,0,0
1094,2023-12-31,0.0,0.0,0,0
1095,2024-01-01,0.0,0.0,0,0
1096,2024-01-02,0.0,0.0,0,0
1097,2024-01-03,0.0,0.0,0,0
1098,2024-01-04,0.0,0.0,0,0
1099,2024-01-05,0.0,0.0,0,0
1100,2024-01-06,0.0,0.0,0,0
1101,2024-01-07,0.0,0.0,0,0
1102,2024-01-08,0.0,0.0,0,0
1103,2024-01-09,0.0,0.0,0,0
1104,2024-01-10,0.0,0.0,0,0
1105,2024-01-11,0.0,0.0,0,0
1106,2024-01-12,1.1,4.0,1,0
1107,2024-01-13,0.8,3.0,1,0
1108,2024-01-14,0.7,4.0,1,0
1109,2024-01-15,0.0,0.0,0,0
1110,2024-01-16,0.0,0.0,0,0
1111,2024-01-17,0.0,0.0,0,0
1112,2024-01-18,0.0,0.0,0,0
1113,2024-01-19,0.0,0.0,0,0
1114,2024-01-20,0.0,0.0,0,0
1115,2024-01-21,0.0,0.0,0,0
1116,2024-01-22,0.0,0.0,0,0
1117,2024-01-23,9.7,7.0,1,0
1118,2024-01-24,0.9,4.0,1,0
1119,2024-01-25,0.1,1.0,1,0
1120,2024-01-26,0.3,1.0,1,0
1121,2024-01-27,0.0,0.0,0,0
1122,2024-01-28,0.0,0.0,0,0
1123,2024-01-29,0.0,0.0,0,0
1124,2024-01-30,0.0,0.0,0,0
1125,2024-01-31,0.0,0.0,0,0
1126,2024-02-01,0.8,2.0,1,0
1127,2024-02-02,0.6,3.0,1,0
1128,2024-02-03,0.3,2.0,1,0
1129,2024-02-04,0.0,0.0,0,0
1130,2024-02-05,0.0,0.0,0,0
1131,2024-02-06,0.1,1.0,1,0
1132,2024-02-07,0.0,0.0,0,0
1133,2024-02-08,0.0,0.0,0,0
1134,2024-02-09,0.0,0.0,0,0
1135,2024-02-10,1.4,5.0,1,0
1136,2024-02-11,0.0,0.0,0,0
1137,2024-02-12,0.0,0.0,0,0
1138,2024-02-13,0.0,0.0,0,0
1139,2024-02-14,0.0,0.0,0,0
1140,2024-02-15,0.0,0.0,0,0
1141,2024-02-16,0.4,4.0,1,0
1142,2024-02-17,2.5,2.0,1,0
1143,2024-02-18,0.1,1.0,1,0
1144,2024-02-19,0.0,0.0,0,0
1145,2024-02-20,0.0,0.0,0,0
1146,2024-02-21,0.1,1.0,1,0
1147,2024-02-22,0.3,3.0,1,0
1148,2024-02-23,0.2,2.0,1,0
1149,2024-02-24,0.4,3.0,1,0
1150,2024-02-25,6.3,4.0,1,0
1151,2024-02-26,0.6,4.0,1,0
1152,2024-02-27,2.4,6.0,1,0
1153,2024-02-28,1.1,6.0,1,0
1154,2024-02-29,2.3,3.0,1,0
1155,2024-03-01,0.4,3.0,1,0
1156,2024-03-02,2.6,7.0,1,0
1157,2024-03-03,0.7,2.0,1,0
1158,2024-03-04,3.1,6.0,1,0
1159,2024-03-05,0.0,0.0,0,0
1160,2024-03-06,0.0,0.0,0,0
1161,2024-03-07,0.0,0.0,0,0
1162,2024-03-08,0.0,0.0,0,0
1163,2024-03-09,1.7,6.0,1,0
1164,2024-03-10,0.2,2.0,1,0
1165,2024-03-11,3.0,4.0,1,0
1166,2024-03-12,4.6,10.0,1,0
1167,2024-03-13,2.4,3.0,1,0
1168,2024-03-14,0.2,1.0,1,0
1169,2024-03-15,0.0,0.0,0,0
1170,2024-03-16,2.9,4.0,1,0
1171,2024-03-17,0.0,0.0,0,0
1172,2024-03-18,0.0,0.0,0,0
1173,2024-03-19,0.7,4.0,1,0
1174,2024-03-20,31.9,15.0,1,0
1175,2024-03-21,0.1,1.0,1,0
1176,2024-03-22,0.3,2.0,1,0
1177,2024-03-23,2.1,3.0,1,0
1178,2024-03-24,2.5,4.0,1,0
1179,2024-03-25,0.0,0.0,0,0
1180,2024-03-26,2.4,4.0,1,0
1181,2024-03-27,4.5,3.0,1,0
1182,2024-03-28,0.0,0.0,0,0
1183,2024-03-29,0.0,0.0,0,0
1184,2024-03-30,0.1,1.0,1,0
1185,2024-03-31,0.1,1.0,1,0
1186,2024-04-01,0.0,0.0,0,0
1187,2024-04-02,0.0,0.0,0,0
1188,2024-04-03,0.0,0.0,0,0
1189,2024-04-04,0.0,0.0,0,0
1190,2024-04-05,0.4,1.0,1,0
1191,2024-04-06,0.0,0.0,0,0
1192,2024-04-07,0.0,0.0,0,0
1193,2024-04-08,0.0,0.0,0,0
1194,2024-04-09,0.0,0.0,0,0
1195,2024-04-10,0.5,3.0,1,0
1196,2024-04-11,0.9,2.0,1,0
1197,2024-04-12,0.6,3.0,1,0
1198,2024-04-13,1.2,2.0,1,0
1199,2024-04-14,0.1,1.0,1,0
1200,2024-04-15,0.0,0.0,0,0
1201,2024-04-16,0.0,0.0,0,0
1202,2024-04-17,0.0,0.0,0,0
1203,2024-04-18,0.8,1.0,1,0
1204,2024-04-19,0.0,0.0,0,0
1205,2024-04-20,0.0,0.0,0,0
1206,2024-04-21,0.0,0.0,0,0
1207,2024-04-22,0.0,0.0,0,0
1208,2024-04-23,0.0,0.0,0,0
1209,2024-04-24,0.8,2.0,1,0
1210,2024-04-25,0.0,0.0,0,0
1211,2024-04-26,0.0,0.0,0,0
1212,2024-04-27,0.0,0.0,0,0
1213,2024-04-28,0.0,0.0,0,0
1214,2024-04-29,0.0,0.0,0,0
1215,2024-04-30,0.0,0.0,0,0
1216,2024-05-01,0.0,0.0,0,0
1217,2024-05-02,0.0,0.0,0,0
1218,2024-05-03,0.0,0.0,0,0
1219,2024-05-04,3.7,5.0,1,0
1220,2024-05-05,0.3,2.0,1,0
1221,2024-05-06,1.8,3.0,1,0
1222,2024-05-07,19.4,8.0,1,0
1223,2024-05-08,0.5,1.0,1,0
1224,2024-05-09,32.3,12.0,1,0
1225,2024-05-10,0.4,3.0,1,0
1226,2024-05-11,8.0,5.0,1,0
1227,2024-05-12,0.8,2.0,1,0
1228,2024-05-13,25.3,6.0,1,0
1229,2024-05-14,0.0,0.0,0,0
1230,2024-05-15,1.1,1.0,1,0
1231,2024-05-16,1.5,6.0,1,0
1232,2024-05-17,4.8,10.0,1,0
1233,2024-05-18,1.5,7.0,1,0
1234,2024-05-19,20.0,14.0,1,0
1235,2024-05-20,4.8,9.0,1,0
1236,2024-05-21,56.8,17.0,1,1
1237,2024-05-22,7.8,18.0,1,0
1238,2024-05-23,9.8,22.0,1,0
1239,2024-05-24,10.1,14.0,1,0
1240,2024-05-25,4.2,9.0,1,0
1241,2024-05-26,2.1,6.0,1,0
1242,2024-05-27,0.3,3.0,1,0
1243,2024-05-28,0.2,1.0,1,0
1244,2024-05-29,11.0,5.0,1,0
1245,2024-05-30,26.2,12.0,1,0
1246,2024-05-31,15.0,17.0,1,0
1247,2024-06-01,10.3,21.0,1,0
1248,2024-06-02,1.1,4.0,1,0
1249,2024-06-03,0.2,1.0,1,0
1250,2024-06-04,4.6,11.0,1,0
1251,2024-06-05,5.8,5.0,1,0
1252,2024-06-06,2.1,6.0,1,0
1253,2024-06-07,11.3,5.0,1,0
1254,2024-06-08,1.4,6.0,1,0
1255,2024-06-09,8.8,6.0,1,0
1256,2024-06-10,3.1,13.0,1,0
1257,2024-06-11,4.8,7.0,1,0
1258,2024-06-12,1.8,6.0,1,0
1259,2024-06-13,1.0,5.0,1,0
1260,2024-06-14,1.5,5.0,1,0
1261,2024-06-15,0.2,1.0,1,0
1262,2024-06-16,3.0,3.0,1,0
1263,2024-06-17,2.9,6.0,1,0
1264,2024-06-18,0.2,2.0,1,0
1265,2024-06-19,4.6,4.0,1,0
1266,2024-06-20,3.3,3.0,1,0
1267,2024-06-21,8.0,6.0,1,0
1268,2024-06-22,16.5,7.0,1,0
1269,2024-06-23,5.5,5.0,1,0
1270,2024-06-24,6.6,12.0,1,0
1271,2024-06-25,25.3,14.0,1,0
1272,2024-06-26,15.3,14.0,1,0
1273,2024-06-27,1.6,4.0,1,0
1274,2024-06-28,5.8,4.0,1,0
1275,2024-06-29,12.5,14.0,1,0
1276,2024-06-30,9.7,12.0,1,0
1277,2024-07-01,1.3,5.0,1,0
1278,2024-07-02,10.0,12.0,1,0
1279,2024-07-03,4.0,8.0,1,0
1280,2024-07-04,7.6,13.0,1,0
1281,2024-07-05,15.7,16.0,1,0
1282,2024-07-06,7.1,7.0,1,0
1283,2024-07-07,1.3,3.0,1,0
1284,2024-07-08,2.0,9.0,1,0
1285,2024-07-09,8.7,4.0,1,0
1286,2024-07-10,34.0,12.0,1,0
1287,2024-07-11,7.6,15.0,1,0
1288,2024-07-12,9.4,13.0,1,0
1289,2024-07-13,8.3,10.0,1,0
1290,2024-07-14,17.3,10.0,1,0
1291,2024-07-15,10.9,14.0,1,0
1292,2024-07-16,23.8,16.0,1,0
1293,2024-07-17,23.1,9.0,1,0
1294,2024-07-18,5.9,16.0,1,0
1295,2024-07-19,4.6,15.0,1,0
1296,2024-07-20,6.3,9.0,1,0
1297,2024-07-21,27.6,10.0,1,0
1298,2024-07-22,5.2,6.0,1,0
1299,2024-07-23,9.5,7.0,1,0
1300,2024-07-24,1.8,8.0,1,0
1301,2024-07-25,5.1,15.0,1,0
1302,2024-07-26,7.4,13.0,1,0
1303,2024-07-27,17.7,12.0,1,0
1304,2024-07-28,18.6,20.0,1,0
1305,2024-07-29,26.4,18.0,1,0
1306,2024-07-30,1.8,12.0,1,0
1307,2024-07-31,1.9,12.0,1,0
1308,2024-08-01,7.4,9.0,1,0
1309,2024-08-02,6.8,14.0,1,0
1310,2024-08-03,6.6,11.0,1,0
1311,2024-08-04,8.7,17.0,1,0
1312,2024-08-05,6.8,12.0,1,0
1313,2024-08-06,8.6,8.0,1,0
1314,2024-08-07,4.6,8.0,1,0
1315,2024-08-08,0.0,0.0,0,0
1316,2024-08-09,0.5,4.0,1,0
1317,2024-08-10,4.6,5.0,1,0
1318,2024-08-11,6.2,4.0,1,0
1319,2024-08-12,16.7,10.0,1,0
1320,2024-08-13,1.1,5.0,1,0
1321,2024-08-14,8.0,5.0,1,0
1322,2024-08-15,1.5,6.0,1,0
1323,2024-08-16,4.6,2.0,1,0
1324,2024-08-17,1.1,4.0,1,0
1325,2024-08-18,0.7,4.0,1,0
1326,2024-08-19,4.0,6.0,1,0
1327,2024-08-20,6.3,5.0,1,0
1328,2024-08-21,3.1,3.0,1,0
1329,2024-08-22,0.8,6.0,1,0
1330,2024-08-23,0.2,1.0,1,0
1331,2024-08-24,5.9,10.0,1,0
1332,2024-08-25,7.9,5.0,1,0
1333,2024-08-26,2.4,9.0,1,0
1334,2024-08-27,0.2,2.0,1,0
1335,2024-08-28,16.3,14.0,1,0
1336,2024-08-29,16.3,15.0,1,0
1337,2024-08-30,4.4,8.0,1,0
1338,2024-08-31,0.2,2.0,1,0
1339,2024-09-01,18.1,10.0,1,0
1340,2024-09-02,23.0,18.0,1,0
1341,2024-09-03,11.2,17.0,1,0
1342,2024-09-04,13.5,19.0,1,0
1343,2024-09-05,8.4,4.0,1,0
1344,2024-09-06,17.8,9.0,1,0
1345,2024-09-07,0.8,4.0,1,0
1346,2024-09-08,1.6,6.0,1,0
1347,2024-09-09,4.1,11.0,1,0
1348,2024-09-10,6.4,5.0,1,0
1349,2024-09-11,6.6,7.0,1,0
1350,2024-09-12,13.7,10.0,1,0
1351,2024-09-13,6.1,13.0,1,0
1352,2024-09-14,18.0,11.0,1,0
1353,2024-09-15,17.4,14.0,1,0
1354,2024-09-16,13.2,4.0,1,0
1355,2024-09-17,3.9,7.0,1,0
1356,2024-09-18,19.5,18.0,1,0
1357,2024-09-19,5.4,5.0,1,0
1358,2024-09-20,15.3,8.0,1,0
1359,2024-09-21,10.7,12.0,1,0
1360,2024-09-22,11.4,15.0,1,0
1361,2024-09-23,3.6,10.0,1,0
1362,2024-09-24,4.7,13.0,1,0
1363,2024-09-25,6.7,15.0,1,0
1364,2024-09-26,9.2,7.0,1,0
1365,2024-09-27,5.6,6.0,1,0
1366,2024-09-28,1.6,5.0,1,0
1367,2024-09-29,2.2,8.0,1,0
1368,2024-09-30,14.2,5.0,1,0
1369,2024-10-01,7.8,14.0,1,0
1370,2024-10-02,3.1,12.0,1,0
1371,2024-10-03,23.6,20.0,1,0
1372,2024-10-04,40.6,19.0,1,1
1373,2024-10-05,0.1,1.0,1,0
1374,2024-10-06,0.0,0.0,0,0
1375,2024-10-07,0.5,3.0,1,0
1376,2024-10-08,1.3,4.0,1,0
1377,2024-10-09,7.7,8.0,1,0
1378,2024-10-10,15.9,8.0,1,0
1379,2024-10-11,0.0,0.0,0,0
1380,2024-10-12,1.1,2.0,1,0
1381,2024-10-13,2.5,5.0,1,0
1382,2024-10-14,3.1,3.0,1,0
1383,2024-10-15,0.0,0.0,0,0
1384,2024-10-16,3.1,7.0,1,0
1385,2024-10-17,0.9,4.0,1,0
1386,2024-10-18,8.7,16.0,1,0
1387,2024-10-19,32.2,15.0,1,0
1388,2024-10-20,16.4,16.0,1,0
1389,2024-10-21,2.4,6.0,1,0
1390,2024-10-22,7.3,8.0,1,0
1391,2024-10-23,5.1,8.0,1,0
1392,2024-10-24,0.0,0.0,0,0
1393,2024-10-25,0.6,4.0,1,0
1394,2024-10-26,0.1,1.0,1,0
1395,2024-10-27,9.3,8.0,1,0
1396,2024-10-28,14.3,12.0,1,0
1397,2024-10-29,5.7,5.0,1,0
1398,2024-10-30,3.9,12.0,1,0
1399,2024-10-31,1.7,6.0,1,0
1400,2024-11-01,12.5,7.0,1,0
1401,2024-11-02,0.8,1.0,1,0
1402,2024-11-03,0.0,0.0,0,0
1403,2024-11-04,0.3,3.0,1,0
1404,2024-11-05,2.6,5.0,1,0
1405,2024-11-06,1.1,7.0,1,0
1406,2024-11-07,0.6,3.0,1,0
1407,2024-11-08,0.6,5.0,1,0
1408,2024-11-09,0.0,0.0,0,0
1409,2024-11-10,0.0,0.0,0,0
1410,2024-11-11,0.0,0.0,0,0
1411,2024-11-12,0.0,0.0,0,0
1412,2024-11-13,0.0,0.0,0,0
1413,2024-11-14,8.5,9.0,1,0
1414,2024-11-15,10.8,9.0,1,0
1415,2024-11-16,0.8,3.0,1,0
1416,2024-11-17,25.6,11.0,1,0
1417,2024-11-18,0.2,2.0,1,0
1418,2024-11-19,0.0,0.0,0,0
1419,2024-11-20,0.0,0.0,0,0
1420,2024-11-21,0.2,2.0,1,0
1421,2024-11-22,0.1,1.0,1,0
1422,2024-11-23,0.1,1.0,1,0
1423,2024-11-24,0.4,3.0,1,0
1424,2024-11-25,0.4,2.0,1,0
1425,2024-11-26,0.0,0.0,0,0
1426,2024-11-27,0.8,4.0,1,0
1427,2024-11-28,0.0,0.0,0,0
1428,2024-11-29,0.0,0.0,0,0
1429,2024-11-30,0.0,0.0,0,0
1430,2024-12-01,0.0,0.0,0,0
1431,2024-12-02,0.0,0.0,0,0
1432,2024-12-03,0.0,0.0,0,0
1433,2024-12-04,0.0,0.0,0,0
1434,2024-12-05,0.0,0.0,0,0
1435,2024-12-06,0.0,0.0,0,0
1436,2024-12-07,1.7,4.0,1,0
1437,2024-12-08,0.9,5.0,1,0
1438,2024-12-09,0.0,0.0,0,0
1439,2024-12-10,0.0,0.0,0,0
1440,2024-12-11,0.0,0.0,0,0
1441,2024-12-12,0.5,3.0,1,0
1442,2024-12-13,5.8,8.0,1,0
1443,2024-12-14,0.0,0.0,0,0
1444,2024-12-15,0.0,0.0,0,0
1445,2024-12-16,0.0,0.0,0,0
1446,2024-12-17,0.0,0.0,0,0
1447,2024-12-18,0.0,0.0,0,0
1448,2024-12-19,0.0,0.0,0,0
1449,2024-12-20,0.0,0.0,0,0
1450,2024-12-21,0.0,0.0,0,0
1451,2024-12-22,0.0,0.0,0,0
1452,2024-12-23,0.0,0.0,0,0
1453,2024-12-24,0.0,0.0,0,0
1454,2024-12-25,0.0,0.0,0,0
1455,2024-12-26,0.0,0.0,0,0
1456,2024-12-27,0.6,2.0,1,0
1457,2024-12-28,0.0,0.0,0,0
1458,2024-12-29,0.0,0.0,0,0
1459,2024-12-30,0.0,0.0,0,0
1460,2024-12-31,0.0,0.0,0,0
1461,2025-01-01,0.0,0.0,0,0
1462,2025-01-02,0.0,0.0,0,0
1463,2025-01-03,0.0,0.0,0,0
1464,2025-01-04,0.0,0.0,0,0
1465,2025-01-05,0.0,0.0,0,0
1466,2025-01-06,0.0,0.0,0,0
1467,2025-01-07,0.0,0.0,0,0
1468,2025-01-08,0.0,0.0,0,0
1469,2025-01-09,0.0,0.0,0,0
1470,2025-01-10,0.0,0.0,0,0
1471,2025-01-11,0.0,0.0,0,0
1472,2025-01-12,0.0,0.0,0,0
1473,2025-01-13,0.0,0.0,0,0
1474,2025-01-14,0.0,0.0,0,0
1475,2025-01-15,0.0,0.0,0,0
1476,2025-01-16,0.0,0.0,0,0
1477,2025-01-17,0.0,0.0,0,0
1478,2025-01-18,0.0,0.0,0,0
1479,2025-01-19,0.0,0.0,0,0
1480,2025-01-20,0.0,0.0,0,0
1481,2025-01-21,0.0,0.0,0,0
1482,2025-01-22,0.0,0.0,0,0
1483,2025-01-23,0.0,0.0,0,0
1484,2025-01-24,0.0,0.0,0,0
1485,2025-01-25,0.0,0.0,0,0
1486,2025-01-26,0.0,0.0,0,0
1487,2025-01-27,0.2,1.0,1,0
1488,2025-01-28,0.0,0.0,0,0
1489,2025-01-29,0.0,0.0,0,0
1490,2025-01-30,0.0,0.0,0,0
1491,2025-01-31,0.0,0.0,0,0
